SIClass,Area,BGC,Var
3,1,BGxh3,Best4-10
3,16834,BWBSdk,Best1-3
3,46596,BWBSdk,Best4-10
3,12,BWBSdk,Ancient
4,19326,BWBSdk,Best1-3
4,25781,BWBSdk,Best4-10
4,1,BWBSdk,Ancient
5,2596,BWBSdk,Best1-3
5,1183,BWBSdk,Best4-10
6,9,BWBSdk,Best1-3
6,16,BWBSdk,Best4-10
7,3,BWBSdk,Best1-3
7,3,BWBSdk,Best4-10
3,26882,BWBSmk,Best1-3
3,158097,BWBSmk,Best4-10
3,6,BWBSmk,Ancient
4,98526,BWBSmk,Best1-3
4,216136,BWBSmk,Best4-10
4,3,BWBSmk,Ancient
5,77640,BWBSmk,Best1-3
5,48898,BWBSmk,Best4-10
5,2,BWBSmk,Ancient
6,7148,BWBSmk,Best1-3
6,1016,BWBSmk,Best4-10
7,2043,BWBSmk,Best1-3
7,125,BWBSmk,Best4-10
3,7761,BWBSmw,Best1-3
3,32298,BWBSmw,Best4-10
3,2,BWBSmw,Ancient
4,29124,BWBSmw,Best1-3
4,67813,BWBSmw,Best4-10
5,4763,BWBSmw,Best1-3
5,2575,BWBSmw,Best4-10
5,1,BWBSmw,Ancient
6,273,BWBSmw,Best1-3
6,74,BWBSmw,Best4-10
7,3,BWBSmw,Best1-3
7,11,BWBSmw,Best4-10
7,1,BWBSmw,Ancient
3,2743,BWBSwk1,Best1-3
3,10060,BWBSwk1,Best4-10
4,2432,BWBSwk1,Best1-3
4,4759,BWBSwk1,Best4-10
5,94,BWBSwk1,Best1-3
5,40,BWBSwk1,Best4-10
6,6,BWBSwk1,Best1-3
6,16,BWBSwk1,Best4-10
7,1,BWBSwk1,Best1-3
3,4822,BWBSwk2,Best1-3
3,11828,BWBSwk2,Best4-10
4,3935,BWBSwk2,Best1-3
4,7003,BWBSwk2,Best4-10
5,119,BWBSwk2,Best1-3
5,72,BWBSwk2,Best4-10
6,2,BWBSwk2,Best1-3
6,3,BWBSwk2,Best4-10
3,1545,BWBSwk3,Best1-3
3,3724,BWBSwk3,Best4-10
4,502,BWBSwk3,Best1-3
4,330,BWBSwk3,Best4-10
3,15,CDFmm,Best1-3
4,196,CDFmm,Best1-3
5,101,CDFmm,Best1-3
7,2,CDFmm,Best1-3
3,4,CMAunp,Best1-3
3,9,CMAunp,Best4-10
4,1,CMAunp,Best4-10
3,612,CWHdm,Best1-3
3,1112,CWHdm,Best4-10
4,1232,CWHdm,Best1-3
4,910,CWHdm,Best4-10
5,2040,CWHdm,Best1-3
5,331,CWHdm,Best4-10
6,201,CWHdm,Best1-3
6,61,CWHdm,Best4-10
7,43,CWHdm,Best1-3
7,24,CWHdm,Best4-10
3,217,CWHds1,Best1-3
3,694,CWHds1,Best4-10
3,1,CWHds1,Ancient
4,585,CWHds1,Best1-3
4,2707,CWHds1,Best4-10
4,18,CWHds1,Ancient
5,1132,CWHds1,Best1-3
5,1652,CWHds1,Best4-10
5,2,CWHds1,Ancient
6,165,CWHds1,Best1-3
6,131,CWHds1,Best4-10
6,3,CWHds1,Ancient
7,30,CWHds1,Best1-3
7,40,CWHds1,Best4-10
3,18,CWHds2,Best1-3
3,410,CWHds2,Best4-10
4,56,CWHds2,Best1-3
4,656,CWHds2,Best4-10
5,93,CWHds2,Best1-3
5,255,CWHds2,Best4-10
6,8,CWHds2,Best4-10
7,3,CWHds2,Best4-10
3,39,CWHmm1,Best1-3
3,246,CWHmm1,Best4-10
3,3,CWHmm1,Ancient
4,145,CWHmm1,Best1-3
4,461,CWHmm1,Best4-10
4,3,CWHmm1,Ancient
5,107,CWHmm1,Best1-3
5,205,CWHmm1,Best4-10
5,4,CWHmm1,Ancient
6,80,CWHmm1,Best1-3
6,105,CWHmm1,Best4-10
7,8,CWHmm1,Best1-3
7,14,CWHmm1,Best4-10
3,60,CWHmm2,Best4-10
4,5,CWHmm2,Best1-3
4,193,CWHmm2,Best4-10
4,11,CWHmm2,Ancient
5,1,CWHmm2,Best1-3
5,77,CWHmm2,Best4-10
6,1,CWHmm2,Best4-10
6,2,CWHmm2,Ancient
3,719,CWHms1,Best1-3
3,5021,CWHms1,Best4-10
3,35,CWHms1,Ancient
4,3281,CWHms1,Best1-3
4,5983,CWHms1,Best4-10
4,30,CWHms1,Ancient
5,747,CWHms1,Best1-3
5,1293,CWHms1,Best4-10
5,4,CWHms1,Ancient
6,77,CWHms1,Best1-3
6,72,CWHms1,Best4-10
7,2,CWHms1,Best1-3
7,3,CWHms1,Best4-10
3,296,CWHms2,Best1-3
3,1658,CWHms2,Best4-10
4,1339,CWHms2,Best1-3
4,2965,CWHms2,Best4-10
5,478,CWHms2,Best1-3
5,689,CWHms2,Best4-10
5,3,CWHms2,Ancient
6,141,CWHms2,Best1-3
6,65,CWHms2,Best4-10
7,2,CWHms2,Best1-3
7,1,CWHms2,Best4-10
3,523,CWHvh1,Best1-3
3,4075,CWHvh1,Best4-10
3,985,CWHvh1,Ancient
4,1694,CWHvh1,Best1-3
4,6572,CWHvh1,Best4-10
4,469,CWHvh1,Ancient
5,926,CWHvh1,Best1-3
5,995,CWHvh1,Best4-10
5,47,CWHvh1,Ancient
6,78,CWHvh1,Best1-3
6,84,CWHvh1,Best4-10
6,6,CWHvh1,Ancient
7,5,CWHvh1,Best1-3
7,36,CWHvh1,Best4-10
7,1,CWHvh1,Ancient
3,6687,CWHvh2,Best1-3
3,25688,CWHvh2,Best4-10
3,380,CWHvh2,Ancient
4,7212,CWHvh2,Best1-3
4,11503,CWHvh2,Best4-10
4,93,CWHvh2,Ancient
5,1038,CWHvh2,Best1-3
5,550,CWHvh2,Best4-10
6,126,CWHvh2,Best1-3
6,82,CWHvh2,Best4-10
6,2,CWHvh2,Ancient
7,51,CWHvh2,Best1-3
7,27,CWHvh2,Best4-10
3,765,CWHvh3,Best1-3
3,3045,CWHvh3,Best4-10
3,3,CWHvh3,Ancient
4,1173,CWHvh3,Best1-3
4,1458,CWHvh3,Best4-10
4,36,CWHvh3,Ancient
5,262,CWHvh3,Best1-3
5,118,CWHvh3,Best4-10
6,22,CWHvh3,Best1-3
6,26,CWHvh3,Best4-10
7,1,CWHvh3,Best1-3
7,10,CWHvh3,Best4-10
3,2181,CWHvm1,Best1-3
3,16831,CWHvm1,Best4-10
3,2656,CWHvm1,Ancient
4,9433,CWHvm1,Best1-3
4,33635,CWHvm1,Best4-10
4,3793,CWHvm1,Ancient
5,3803,CWHvm1,Best1-3
5,6231,CWHvm1,Best4-10
5,324,CWHvm1,Ancient
6,683,CWHvm1,Best1-3
6,956,CWHvm1,Best4-10
6,114,CWHvm1,Ancient
7,139,CWHvm1,Best1-3
7,228,CWHvm1,Best4-10
7,10,CWHvm1,Ancient
3,3702,CWHvm2,Best1-3
3,18178,CWHvm2,Best4-10
3,1795,CWHvm2,Ancient
4,7580,CWHvm2,Best1-3
4,15625,CWHvm2,Best4-10
4,1359,CWHvm2,Ancient
5,1374,CWHvm2,Best1-3
5,1888,CWHvm2,Best4-10
5,100,CWHvm2,Ancient
6,146,CWHvm2,Best1-3
6,300,CWHvm2,Best4-10
6,16,CWHvm2,Ancient
7,6,CWHvm2,Best1-3
7,27,CWHvm2,Best4-10
3,1913,CWHwh1,Best1-3
3,9394,CWHwh1,Best4-10
3,147,CWHwh1,Ancient
4,2973,CWHwh1,Best1-3
4,6652,CWHwh1,Best4-10
4,75,CWHwh1,Ancient
5,970,CWHwh1,Best1-3
5,725,CWHwh1,Best4-10
5,12,CWHwh1,Ancient
6,171,CWHwh1,Best1-3
6,155,CWHwh1,Best4-10
6,1,CWHwh1,Ancient
7,44,CWHwh1,Best1-3
7,81,CWHwh1,Best4-10
3,327,CWHwh2,Best1-3
3,2383,CWHwh2,Best4-10
3,4,CWHwh2,Ancient
4,253,CWHwh2,Best1-3
4,556,CWHwh2,Best4-10
5,1,CWHwh2,Best1-3
5,19,CWHwh2,Best4-10
6,13,CWHwh2,Best4-10
7,2,CWHwh2,Best4-10
3,318,CWHwm,Best1-3
3,3270,CWHwm,Best4-10
4,526,CWHwm,Best1-3
4,2026,CWHwm,Best4-10
5,767,CWHwm,Best1-3
5,290,CWHwm,Best4-10
6,61,CWHwm,Best1-3
6,82,CWHwm,Best4-10
7,453,CWHwm,Best1-3
7,9,CWHwm,Best4-10
3,513,CWHws1,Best1-3
3,3569,CWHws1,Best4-10
3,73,CWHws1,Ancient
4,1557,CWHws1,Best1-3
4,2922,CWHws1,Best4-10
4,6,CWHws1,Ancient
5,222,CWHws1,Best1-3
5,229,CWHws1,Best4-10
5,3,CWHws1,Ancient
6,39,CWHws1,Best1-3
6,48,CWHws1,Best4-10
6,1,CWHws1,Ancient
7,63,CWHws1,Best1-3
7,16,CWHws1,Best4-10
3,2292,CWHws2,Best1-3
3,11806,CWHws2,Best4-10
3,523,CWHws2,Ancient
4,4006,CWHws2,Best1-3
4,5091,CWHws2,Best4-10
4,11,CWHws2,Ancient
5,355,CWHws2,Best1-3
5,286,CWHws2,Best4-10
5,3,CWHws2,Ancient
6,29,CWHws2,Best1-3
6,61,CWHws2,Best4-10
7,29,CWHws2,Best1-3
7,15,CWHws2,Best4-10
3,71,CWHxm1,Best1-3
3,1,CWHxm1,Best4-10
4,288,CWHxm1,Best1-3
5,154,CWHxm1,Best1-3
6,36,CWHxm1,Best1-3
7,5,CWHxm1,Best1-3
3,7,CWHxm2,Best1-3
3,1394,CWHxm2,Best4-10
4,74,CWHxm2,Best1-3
4,1361,CWHxm2,Best4-10
5,195,CWHxm2,Best1-3
5,621,CWHxm2,Best4-10
6,134,CWHxm2,Best1-3
6,181,CWHxm2,Best4-10
6,26,CWHxm2,Ancient
7,34,CWHxm2,Best1-3
7,66,CWHxm2,Best4-10
7,8,CWHxm2,Ancient
3,2652,ESSFdc1,Best1-3
3,4033,ESSFdc1,Best4-10
3,98,ESSFdc1,Ancient
4,372,ESSFdc1,Best1-3
4,581,ESSFdc1,Best4-10
4,5,ESSFdc1,Ancient
5,2,ESSFdc1,Best1-3
5,20,ESSFdc1,Best4-10
5,5,ESSFdc1,Ancient
3,2322,ESSFdc2,Best1-3
3,6446,ESSFdc2,Best4-10
3,55,ESSFdc2,Ancient
4,562,ESSFdc2,Best1-3
4,1592,ESSFdc2,Best4-10
4,14,ESSFdc2,Ancient
5,38,ESSFdc2,Best1-3
5,105,ESSFdc2,Best4-10
6,4,ESSFdc2,Best4-10
3,1611,ESSFdc3,Best1-3
3,3889,ESSFdc3,Best4-10
3,120,ESSFdc3,Ancient
4,430,ESSFdc3,Best1-3
4,754,ESSFdc3,Best4-10
4,4,ESSFdc3,Ancient
5,9,ESSFdc3,Best1-3
5,19,ESSFdc3,Best4-10
6,3,ESSFdc3,Ancient
3,2,ESSFdcp,Best1-3
3,284,ESSFdcw,Best1-3
3,700,ESSFdcw,Best4-10
3,1,ESSFdcw,Ancient
4,5,ESSFdcw,Best1-3
4,7,ESSFdcw,Best4-10
5,2,ESSFdcw,Best4-10
3,270,ESSFdh1,Best1-3
3,448,ESSFdh1,Best4-10
3,24,ESSFdh1,Ancient
4,566,ESSFdh1,Best1-3
4,754,ESSFdh1,Best4-10
4,16,ESSFdh1,Ancient
5,28,ESSFdh1,Best1-3
5,80,ESSFdh1,Best4-10
5,1,ESSFdh1,Ancient
6,1,ESSFdh1,Best1-3
6,18,ESSFdh1,Best4-10
3,48,ESSFdh2,Best4-10
3,47,ESSFdh2,Ancient
4,36,ESSFdh2,Best4-10
4,3,ESSFdh2,Ancient
5,1,ESSFdh2,Ancient
3,1126,ESSFdk1,Best1-3
3,4763,ESSFdk1,Best4-10
3,281,ESSFdk1,Ancient
4,804,ESSFdk1,Best1-3
4,1559,ESSFdk1,Best4-10
4,10,ESSFdk1,Ancient
5,49,ESSFdk1,Best1-3
5,82,ESSFdk1,Best4-10
6,1,ESSFdk1,Best4-10
3,1768,ESSFdk2,Best1-3
3,3784,ESSFdk2,Best4-10
3,394,ESSFdk2,Ancient
4,357,ESSFdk2,Best1-3
4,1424,ESSFdk2,Best4-10
4,31,ESSFdk2,Ancient
5,2,ESSFdk2,Best1-3
5,137,ESSFdk2,Best4-10
3,699,ESSFdkw,Best1-3
3,683,ESSFdkw,Best4-10
3,98,ESSFdkw,Ancient
4,10,ESSFdkw,Best1-3
4,56,ESSFdkw,Best4-10
4,19,ESSFdkw,Ancient
5,2,ESSFdkw,Best4-10
3,286,ESSFdv1,Best1-3
3,709,ESSFdv1,Best4-10
3,151,ESSFdv1,Ancient
4,109,ESSFdv1,Best1-3
4,118,ESSFdv1,Best4-10
4,18,ESSFdv1,Ancient
5,22,ESSFdv1,Best1-3
5,18,ESSFdv1,Best4-10
6,5,ESSFdv1,Best1-3
3,41,ESSFdv2,Best1-3
3,236,ESSFdv2,Best4-10
3,70,ESSFdv2,Ancient
4,36,ESSFdv2,Best1-3
4,49,ESSFdv2,Best4-10
3,74,ESSFdvw,Best1-3
3,41,ESSFdvw,Best4-10
3,12,ESSFdvw,Ancient
4,16,ESSFdvw,Best1-3
4,7,ESSFdvw,Best4-10
3,8816,ESSFmc,Best1-3
3,18461,ESSFmc,Best4-10
3,314,ESSFmc,Ancient
4,1914,ESSFmc,Best1-3
4,1450,ESSFmc,Best4-10
4,9,ESSFmc,Ancient
5,174,ESSFmc,Best1-3
5,58,ESSFmc,Best4-10
5,3,ESSFmc,Ancient
6,1,ESSFmc,Best4-10
3,1,ESSFmcp,Best1-3
3,2237,ESSFmh,Best1-3
3,5045,ESSFmh,Best4-10
3,97,ESSFmh,Ancient
4,1583,ESSFmh,Best1-3
4,2955,ESSFmh,Best4-10
4,38,ESSFmh,Ancient
5,141,ESSFmh,Best1-3
5,220,ESSFmh,Best4-10
5,38,ESSFmh,Ancient
6,3,ESSFmh,Best1-3
6,3,ESSFmh,Best4-10
3,1201,ESSFmk,Best1-3
3,1434,ESSFmk,Best4-10
3,520,ESSFmk,Ancient
4,154,ESSFmk,Best1-3
4,56,ESSFmk,Best4-10
4,8,ESSFmk,Ancient
5,2,ESSFmk,Best1-3
3,2257,ESSFmm1,Best1-3
3,4075,ESSFmm1,Best4-10
3,624,ESSFmm1,Ancient
4,608,ESSFmm1,Best1-3
4,670,ESSFmm1,Best4-10
4,25,ESSFmm1,Ancient
5,49,ESSFmm1,Best1-3
5,12,ESSFmm1,Best4-10
5,2,ESSFmm1,Ancient
3,771,ESSFmm3,Best1-3
3,2684,ESSFmm3,Best4-10
3,459,ESSFmm3,Ancient
4,90,ESSFmm3,Best1-3
4,350,ESSFmm3,Best4-10
4,43,ESSFmm3,Ancient
5,2,ESSFmm3,Best1-3
5,9,ESSFmm3,Best4-10
5,5,ESSFmm3,Ancient
6,1,ESSFmm3,Ancient
3,757,ESSFmmw,Best1-3
3,1190,ESSFmmw,Best4-10
3,13,ESSFmmw,Ancient
4,54,ESSFmmw,Best1-3
4,18,ESSFmmw,Best4-10
3,3086,ESSFmv1,Best1-3
3,4264,ESSFmv1,Best4-10
4,359,ESSFmv1,Best1-3
4,212,ESSFmv1,Best4-10
5,3,ESSFmv1,Best1-3
5,4,ESSFmv1,Best4-10
6,2,ESSFmv1,Best4-10
3,1891,ESSFmv2,Best1-3
3,6047,ESSFmv2,Best4-10
3,78,ESSFmv2,Ancient
4,256,ESSFmv2,Best1-3
4,503,ESSFmv2,Best4-10
4,6,ESSFmv2,Ancient
5,3,ESSFmv2,Best1-3
5,3,ESSFmv2,Best4-10
3,17602,ESSFmv3,Best1-3
3,37113,ESSFmv3,Best4-10
3,76,ESSFmv3,Ancient
4,7983,ESSFmv3,Best1-3
4,9753,ESSFmv3,Best4-10
4,3,ESSFmv3,Ancient
5,183,ESSFmv3,Best1-3
5,114,ESSFmv3,Best4-10
5,4,ESSFmv3,Ancient
6,29,ESSFmv3,Best1-3
3,7677,ESSFmv4,Best1-3
3,15522,ESSFmv4,Best4-10
3,1,ESSFmv4,Ancient
4,4103,ESSFmv4,Best1-3
4,2508,ESSFmv4,Best4-10
5,139,ESSFmv4,Best1-3
5,13,ESSFmv4,Best4-10
6,1,ESSFmv4,Best1-3
3,50,ESSFmw,Best1-3
3,277,ESSFmw,Best4-10
3,20,ESSFmw,Ancient
4,12,ESSFmw,Best4-10
4,3,ESSFmw,Ancient
3,872,ESSFmw1,Best1-3
3,1807,ESSFmw1,Best4-10
3,656,ESSFmw1,Ancient
4,608,ESSFmw1,Best1-3
4,644,ESSFmw1,Best4-10
4,101,ESSFmw1,Ancient
5,35,ESSFmw1,Best1-3
5,31,ESSFmw1,Best4-10
5,24,ESSFmw1,Ancient
3,362,ESSFmw2,Best1-3
3,1541,ESSFmw2,Best4-10
3,1131,ESSFmw2,Ancient
4,224,ESSFmw2,Best1-3
4,380,ESSFmw2,Best4-10
4,430,ESSFmw2,Ancient
5,90,ESSFmw2,Best1-3
5,54,ESSFmw2,Best4-10
5,5,ESSFmw2,Ancient
6,2,ESSFmw2,Ancient
3,15,ESSFmwp,Best4-10
3,123,ESSFmww,Best1-3
3,259,ESSFmww,Best4-10
3,18,ESSFmww,Ancient
4,18,ESSFmww,Best1-3
4,12,ESSFmww,Best4-10
4,4,ESSFmww,Ancient
5,2,ESSFmww,Best4-10
3,2595,ESSFun,Best1-3
3,5254,ESSFun,Best4-10
3,321,ESSFun,Ancient
4,567,ESSFun,Best1-3
4,111,ESSFun,Best4-10
4,23,ESSFun,Ancient
5,67,ESSFun,Best1-3
5,8,ESSFun,Best4-10
5,2,ESSFun,Ancient
6,72,ESSFun,Best1-3
7,14,ESSFun,Best1-3
3,3,ESSFunp,Best4-10
3,1281,ESSFvc,Best1-3
3,3205,ESSFvc,Best4-10
3,1590,ESSFvc,Ancient
4,309,ESSFvc,Best1-3
4,614,ESSFvc,Best4-10
4,136,ESSFvc,Ancient
5,65,ESSFvc,Best1-3
5,115,ESSFvc,Best4-10
5,8,ESSFvc,Ancient
6,5,ESSFvc,Best1-3
6,65,ESSFvc,Best4-10
7,3,ESSFvc,Best1-3
3,270,ESSFvcw,Best1-3
3,567,ESSFvcw,Best4-10
3,32,ESSFvcw,Ancient
4,92,ESSFvcw,Best1-3
4,82,ESSFvcw,Best4-10
5,2,ESSFvcw,Best1-3
5,14,ESSFvcw,Best4-10
7,4,ESSFvcw,Best1-3
3,4287,ESSFwc2,Best1-3
3,6889,ESSFwc2,Best4-10
3,1716,ESSFwc2,Ancient
4,507,ESSFwc2,Best1-3
4,716,ESSFwc2,Best4-10
4,149,ESSFwc2,Ancient
5,48,ESSFwc2,Best1-3
5,67,ESSFwc2,Best4-10
5,24,ESSFwc2,Ancient
6,6,ESSFwc2,Best1-3
6,1,ESSFwc2,Best4-10
3,2405,ESSFwc3,Best1-3
3,5468,ESSFwc3,Best4-10
3,58,ESSFwc3,Ancient
4,124,ESSFwc3,Best1-3
4,196,ESSFwc3,Best4-10
4,11,ESSFwc3,Ancient
5,4,ESSFwc3,Best1-3
5,8,ESSFwc3,Best4-10
5,10,ESSFwc3,Ancient
7,1,ESSFwc3,Ancient
3,3256,ESSFwc4,Best1-3
3,7003,ESSFwc4,Best4-10
3,205,ESSFwc4,Ancient
4,456,ESSFwc4,Best1-3
4,706,ESSFwc4,Best4-10
4,12,ESSFwc4,Ancient
5,40,ESSFwc4,Best1-3
5,10,ESSFwc4,Best4-10
6,1,ESSFwc4,Best4-10
3,9,ESSFwcp,Best1-3
3,4,ESSFwcp,Best4-10
4,1,ESSFwcp,Best1-3
3,1688,ESSFwcw,Best1-3
3,4075,ESSFwcw,Best4-10
3,82,ESSFwcw,Ancient
4,59,ESSFwcw,Best1-3
4,186,ESSFwcw,Best4-10
4,2,ESSFwcw,Ancient
5,2,ESSFwcw,Best1-3
5,3,ESSFwcw,Best4-10
3,2098,ESSFwh1,Best1-3
3,5544,ESSFwh1,Best4-10
3,943,ESSFwh1,Ancient
4,629,ESSFwh1,Best1-3
4,1435,ESSFwh1,Best4-10
4,105,ESSFwh1,Ancient
5,62,ESSFwh1,Best1-3
5,26,ESSFwh1,Best4-10
5,7,ESSFwh1,Ancient
6,2,ESSFwh1,Best1-3
6,4,ESSFwh1,Best4-10
3,407,ESSFwh2,Best1-3
3,519,ESSFwh2,Best4-10
3,113,ESSFwh2,Ancient
4,32,ESSFwh2,Best1-3
4,94,ESSFwh2,Best4-10
4,6,ESSFwh2,Ancient
5,1,ESSFwh2,Best4-10
3,318,ESSFwh3,Best1-3
3,1136,ESSFwh3,Best4-10
3,37,ESSFwh3,Ancient
4,193,ESSFwh3,Best1-3
4,544,ESSFwh3,Best4-10
4,5,ESSFwh3,Ancient
5,42,ESSFwh3,Best1-3
5,65,ESSFwh3,Best4-10
6,1,ESSFwh3,Best4-10
3,2570,ESSFwk1,Best1-3
3,9984,ESSFwk1,Best4-10
3,993,ESSFwk1,Ancient
4,1310,ESSFwk1,Best1-3
4,2915,ESSFwk1,Best4-10
4,116,ESSFwk1,Ancient
5,37,ESSFwk1,Best1-3
5,119,ESSFwk1,Best4-10
5,9,ESSFwk1,Ancient
6,2,ESSFwk1,Best4-10
6,1,ESSFwk1,Ancient
3,6628,ESSFwk2,Best1-3
3,11647,ESSFwk2,Best4-10
3,263,ESSFwk2,Ancient
4,484,ESSFwk2,Best1-3
4,668,ESSFwk2,Best4-10
4,15,ESSFwk2,Ancient
5,8,ESSFwk2,Best1-3
5,39,ESSFwk2,Best4-10
5,11,ESSFwk2,Ancient
6,1,ESSFwk2,Best1-3
6,3,ESSFwk2,Best4-10
3,562,ESSFwm1,Best1-3
3,881,ESSFwm1,Best4-10
3,30,ESSFwm1,Ancient
4,133,ESSFwm1,Best1-3
4,319,ESSFwm1,Best4-10
5,22,ESSFwm1,Best1-3
5,5,ESSFwm1,Best4-10
6,10,ESSFwm1,Best4-10
3,430,ESSFwm2,Best1-3
3,626,ESSFwm2,Best4-10
3,36,ESSFwm2,Ancient
4,13,ESSFwm2,Best1-3
4,17,ESSFwm2,Best4-10
4,1,ESSFwm2,Ancient
5,3,ESSFwm2,Best4-10
3,244,ESSFwm3,Best1-3
3,928,ESSFwm3,Best4-10
4,49,ESSFwm3,Best1-3
4,31,ESSFwm3,Best4-10
5,1,ESSFwm3,Best4-10
3,731,ESSFwm4,Best1-3
3,2079,ESSFwm4,Best4-10
3,17,ESSFwm4,Ancient
4,319,ESSFwm4,Best1-3
4,689,ESSFwm4,Best4-10
5,22,ESSFwm4,Best1-3
5,48,ESSFwm4,Best4-10
6,1,ESSFwm4,Best1-3
6,2,ESSFwm4,Best4-10
3,226,ESSFwmw,Best1-3
3,412,ESSFwmw,Best4-10
3,1,ESSFwmw,Ancient
4,43,ESSFwmw,Best1-3
4,6,ESSFwmw,Best4-10
5,3,ESSFwmw,Best4-10
3,6769,ESSFwv,Best1-3
3,19817,ESSFwv,Best4-10
3,11404,ESSFwv,Ancient
4,2517,ESSFwv,Best1-3
4,1446,ESSFwv,Best4-10
4,274,ESSFwv,Ancient
5,287,ESSFwv,Best1-3
5,57,ESSFwv,Best4-10
5,21,ESSFwv,Ancient
6,133,ESSFwv,Best1-3
3,1,ESSFwvp,Best1-3
3,846,ESSFxc1,Best1-3
3,2105,ESSFxc1,Best4-10
3,47,ESSFxc1,Ancient
4,395,ESSFxc1,Best1-3
4,843,ESSFxc1,Best4-10
5,1,ESSFxc1,Best1-3
5,5,ESSFxc1,Best4-10
3,880,ESSFxc2,Best1-3
3,1631,ESSFxc2,Best4-10
4,26,ESSFxc2,Best1-3
4,97,ESSFxc2,Best4-10
3,158,ESSFxc3,Best1-3
3,702,ESSFxc3,Best4-10
4,93,ESSFxc3,Best1-3
4,233,ESSFxc3,Best4-10
5,26,ESSFxc3,Best1-3
5,4,ESSFxc3,Best4-10
3,110,ESSFxcw,Best1-3
3,203,ESSFxcw,Best4-10
4,9,ESSFxcw,Best1-3
4,7,ESSFxcw,Best4-10
5,7,ESSFxcw,Best1-3
3,420,ESSFxv1,Best1-3
3,1341,ESSFxv1,Best4-10
3,30,ESSFxv1,Ancient
4,96,ESSFxv1,Best1-3
4,331,ESSFxv1,Best4-10
4,4,ESSFxv1,Ancient
3,601,ESSFxv2,Best1-3
3,597,ESSFxv2,Best4-10
3,11,ESSFxv2,Ancient
4,50,ESSFxv2,Best1-3
4,14,ESSFxv2,Best4-10
4,1,ESSFxv2,Ancient
3,1,ESSFxvp,Best4-10
3,4,ESSFxvw,Best1-3
3,4,ESSFxvw,Best4-10
4,8,ESSFxvw,Best1-3
4,5,ESSFxvw,Best4-10
3,35,ICHdk,Best1-3
3,80,ICHdk,Best4-10
4,428,ICHdk,Best1-3
4,1206,ICHdk,Best4-10
4,1,ICHdk,Ancient
5,91,ICHdk,Best1-3
5,264,ICHdk,Best4-10
6,3,ICHdk,Best1-3
6,7,ICHdk,Best4-10
7,1,ICHdk,Best1-3
3,1519,ICHdm,Best1-3
3,4562,ICHdm,Best4-10
3,42,ICHdm,Ancient
4,1331,ICHdm,Best1-3
4,3802,ICHdm,Best4-10
4,3,ICHdm,Ancient
5,300,ICHdm,Best1-3
5,313,ICHdm,Best4-10
5,1,ICHdm,Ancient
6,32,ICHdm,Best1-3
6,20,ICHdm,Best4-10
3,350,ICHdw1,Best1-3
3,3081,ICHdw1,Best4-10
3,9,ICHdw1,Ancient
4,4351,ICHdw1,Best1-3
4,11998,ICHdw1,Best4-10
4,9,ICHdw1,Ancient
5,1760,ICHdw1,Best1-3
5,954,ICHdw1,Best4-10
6,89,ICHdw1,Best1-3
6,39,ICHdw1,Best4-10
7,2,ICHdw1,Best1-3
7,7,ICHdw1,Best4-10
3,82,ICHdw3,Best1-3
3,202,ICHdw3,Best4-10
3,7,ICHdw3,Ancient
4,696,ICHdw3,Best1-3
4,1795,ICHdw3,Best4-10
4,11,ICHdw3,Ancient
5,605,ICHdw3,Best1-3
5,686,ICHdw3,Best4-10
6,41,ICHdw3,Best1-3
6,18,ICHdw3,Best4-10
7,5,ICHdw3,Best1-3
7,1,ICHdw3,Best4-10
3,335,ICHdw4,Best1-3
3,1295,ICHdw4,Best4-10
3,102,ICHdw4,Ancient
4,1303,ICHdw4,Best1-3
4,4096,ICHdw4,Best4-10
4,27,ICHdw4,Ancient
5,767,ICHdw4,Best1-3
5,319,ICHdw4,Best4-10
5,2,ICHdw4,Ancient
6,21,ICHdw4,Best1-3
6,27,ICHdw4,Best4-10
3,7298,ICHmc1,Best1-3
3,19392,ICHmc1,Best4-10
3,2,ICHmc1,Ancient
4,2444,ICHmc1,Best1-3
4,2568,ICHmc1,Best4-10
5,637,ICHmc1,Best1-3
5,119,ICHmc1,Best4-10
6,62,ICHmc1,Best1-3
6,13,ICHmc1,Best4-10
7,2,ICHmc1,Best1-3
7,1,ICHmc1,Best4-10
3,121,ICHmc1a,Best1-3
3,783,ICHmc1a,Best4-10
4,133,ICHmc1a,Best1-3
4,125,ICHmc1a,Best4-10
5,61,ICHmc1a,Best1-3
5,1,ICHmc1a,Best4-10
6,97,ICHmc1a,Best1-3
6,2,ICHmc1a,Best4-10
7,45,ICHmc1a,Best1-3
3,2241,ICHmc2,Best1-3
3,5537,ICHmc2,Best4-10
4,1561,ICHmc2,Best1-3
4,1655,ICHmc2,Best4-10
5,250,ICHmc2,Best1-3
5,247,ICHmc2,Best4-10
6,44,ICHmc2,Best1-3
6,21,ICHmc2,Best4-10
7,19,ICHmc2,Best1-3
7,8,ICHmc2,Best4-10
3,528,ICHmk1,Best1-3
3,2455,ICHmk1,Best4-10
4,2341,ICHmk1,Best1-3
4,5304,ICHmk1,Best4-10
5,426,ICHmk1,Best1-3
5,435,ICHmk1,Best4-10
6,8,ICHmk1,Best4-10
7,1,ICHmk1,Best4-10
3,435,ICHmk2,Best1-3
3,1219,ICHmk2,Best4-10
3,7,ICHmk2,Ancient
4,1286,ICHmk2,Best1-3
4,2663,ICHmk2,Best4-10
5,542,ICHmk2,Best1-3
5,259,ICHmk2,Best4-10
6,8,ICHmk2,Best1-3
6,13,ICHmk2,Best4-10
3,494,ICHmk3,Best1-3
3,160,ICHmk3,Best4-10
4,663,ICHmk3,Best1-3
4,104,ICHmk3,Best4-10
5,47,ICHmk3,Best1-3
5,24,ICHmk3,Best4-10
6,5,ICHmk3,Best4-10
7,1,ICHmk3,Best1-3
3,515,ICHmk4,Best1-3
3,627,ICHmk4,Best4-10
4,295,ICHmk4,Best1-3
4,348,ICHmk4,Best4-10
5,16,ICHmk4,Best1-3
5,8,ICHmk4,Best4-10
6,2,ICHmk4,Best1-3
3,415,ICHmk5,Best1-3
3,1868,ICHmk5,Best4-10
4,1273,ICHmk5,Best1-3
4,2568,ICHmk5,Best4-10
5,391,ICHmk5,Best1-3
5,191,ICHmk5,Best4-10
6,6,ICHmk5,Best1-3
6,1,ICHmk5,Best4-10
7,2,ICHmk5,Best1-3
7,2,ICHmk5,Best4-10
3,1343,ICHmm,Best1-3
3,3719,ICHmm,Best4-10
3,788,ICHmm,Ancient
4,1096,ICHmm,Best1-3
4,780,ICHmm,Best4-10
4,72,ICHmm,Ancient
5,184,ICHmm,Best1-3
5,58,ICHmm,Best4-10
5,10,ICHmm,Ancient
6,5,ICHmm,Best1-3
6,25,ICHmm,Best4-10
7,2,ICHmm,Best4-10
3,1868,ICHmw1,Best1-3
3,3352,ICHmw1,Best4-10
3,1,ICHmw1,Ancient
4,708,ICHmw1,Best1-3
4,886,ICHmw1,Best4-10
5,34,ICHmw1,Best1-3
5,95,ICHmw1,Best4-10
6,6,ICHmw1,Best4-10
3,4686,ICHmw2,Best1-3
3,3847,ICHmw2,Best4-10
3,9,ICHmw2,Ancient
4,2484,ICHmw2,Best1-3
4,1115,ICHmw2,Best4-10
4,1,ICHmw2,Ancient
5,310,ICHmw2,Best1-3
5,160,ICHmw2,Best4-10
5,1,ICHmw2,Ancient
6,35,ICHmw2,Best1-3
6,7,ICHmw2,Best4-10
3,1937,ICHmw3,Best1-3
3,1820,ICHmw3,Best4-10
4,1382,ICHmw3,Best1-3
4,780,ICHmw3,Best4-10
5,375,ICHmw3,Best1-3
5,119,ICHmw3,Best4-10
6,17,ICHmw3,Best1-3
6,12,ICHmw3,Best4-10
3,1140,ICHmw4,Best1-3
3,22,ICHmw4,Best4-10
4,663,ICHmw4,Best1-3
4,2,ICHmw4,Best4-10
5,24,ICHmw4,Best1-3
3,1442,ICHmw5,Best1-3
3,2,ICHmw5,Best4-10
4,264,ICHmw5,Best1-3
4,16,ICHmw5,Best4-10
5,67,ICHmw5,Best1-3
5,3,ICHmw5,Best4-10
6,2,ICHmw5,Best1-3
3,1795,ICHvc,Best1-3
3,6599,ICHvc,Best4-10
3,8,ICHvc,Ancient
4,1557,ICHvc,Best1-3
4,1271,ICHvc,Best4-10
5,222,ICHvc,Best1-3
5,27,ICHvc,Best4-10
6,8,ICHvc,Best1-3
6,5,ICHvc,Best4-10
7,6,ICHvc,Best1-3
3,1496,ICHvk1,Best1-3
3,4513,ICHvk1,Best4-10
3,58,ICHvk1,Ancient
4,846,ICHvk1,Best1-3
4,1992,ICHvk1,Best4-10
4,10,ICHvk1,Ancient
5,286,ICHvk1,Best1-3
5,385,ICHvk1,Best4-10
5,2,ICHvk1,Ancient
6,27,ICHvk1,Best1-3
6,41,ICHvk1,Best4-10
6,4,ICHvk1,Ancient
7,16,ICHvk1,Best1-3
7,40,ICHvk1,Best4-10
3,1709,ICHvk2,Best1-3
3,3222,ICHvk2,Best4-10
4,78,ICHvk2,Best1-3
4,423,ICHvk2,Best4-10
5,2,ICHvk2,Best1-3
5,2,ICHvk2,Best4-10
6,2,ICHvk2,Best4-10
7,2,ICHvk2,Best4-10
3,1638,ICHwc,Best1-3
3,4175,ICHwc,Best4-10
3,4,ICHwc,Ancient
4,365,ICHwc,Best1-3
4,538,ICHwc,Best4-10
5,105,ICHwc,Best1-3
5,158,ICHwc,Best4-10
6,67,ICHwc,Best1-3
6,9,ICHwc,Best4-10
7,112,ICHwc,Best1-3
3,6195,ICHwk1,Best1-3
3,13027,ICHwk1,Best4-10
3,29,ICHwk1,Ancient
4,2102,ICHwk1,Best1-3
4,3501,ICHwk1,Best4-10
4,10,ICHwk1,Ancient
5,327,ICHwk1,Best1-3
5,451,ICHwk1,Best4-10
5,4,ICHwk1,Ancient
6,92,ICHwk1,Best1-3
6,78,ICHwk1,Best4-10
7,5,ICHwk1,Best1-3
7,1,ICHwk1,Best4-10
3,1424,ICHwk2,Best1-3
3,1911,ICHwk2,Best4-10
3,3,ICHwk2,Ancient
4,467,ICHwk2,Best1-3
4,568,ICHwk2,Best4-10
4,1,ICHwk2,Ancient
5,62,ICHwk2,Best1-3
5,79,ICHwk2,Best4-10
6,39,ICHwk2,Best1-3
6,1,ICHwk2,Best4-10
6,5,ICHwk2,Ancient
3,639,ICHwk3,Best1-3
3,871,ICHwk3,Best4-10
4,181,ICHwk3,Best1-3
4,99,ICHwk3,Best4-10
5,1,ICHwk3,Best1-3
5,9,ICHwk3,Best4-10
6,3,ICHwk3,Best4-10
7,1,ICHwk3,Best1-3
3,16,ICHwk4,Best1-3
3,819,ICHwk4,Best4-10
3,1,ICHwk4,Ancient
4,107,ICHwk4,Best1-3
4,767,ICHwk4,Best4-10
5,41,ICHwk4,Best4-10
7,1,ICHwk4,Best4-10
3,200,ICHxm1,Best1-3
3,107,ICHxm1,Best4-10
4,29,ICHxm1,Best1-3
4,100,ICHxm1,Best4-10
5,7,ICHxm1,Best1-3
5,2,ICHxm1,Best4-10
3,22,ICHxw,Best1-3
4,2,ICHxw,Best1-3
4,1,ICHxw,Best4-10
4,5,ICHxwa,Best1-3
4,1,ICHxwa,Best4-10
3,967,IDFdc,Best1-3
3,625,IDFdc,Best4-10
3,3,IDFdc,Ancient
4,208,IDFdc,Best1-3
4,13,IDFdc,Best4-10
5,10,IDFdc,Best1-3
3,5,IDFdh,Best1-3
3,5702,IDFdk1,Best1-3
3,1103,IDFdk1,Best4-10
3,4,IDFdk1,Ancient
4,1598,IDFdk1,Best1-3
4,432,IDFdk1,Best4-10
5,18,IDFdk1,Best1-3
5,11,IDFdk1,Best4-10
3,2775,IDFdk2,Best1-3
3,525,IDFdk2,Best4-10
3,2,IDFdk2,Ancient
4,1502,IDFdk2,Best1-3
4,554,IDFdk2,Best4-10
5,35,IDFdk2,Best1-3
5,23,IDFdk2,Best4-10
3,6743,IDFdk3,Best1-3
3,34,IDFdk3,Best4-10
4,1314,IDFdk3,Best1-3
4,7,IDFdk3,Best4-10
5,10,IDFdk3,Best1-3
6,1,IDFdk3,Best1-3
3,2247,IDFdk4,Best1-3
3,3,IDFdk4,Best4-10
4,17,IDFdk4,Best1-3
3,66,IDFdk5,Best1-3
4,65,IDFdk5,Best1-3
5,5,IDFdk5,Best1-3
3,967,IDFdm1,Best1-3
3,3,IDFdm1,Best4-10
4,593,IDFdm1,Best1-3
4,6,IDFdm1,Best4-10
5,27,IDFdm1,Best1-3
5,1,IDFdm1,Best4-10
6,1,IDFdm1,Best4-10
3,140,IDFdm2,Best1-3
3,2,IDFdm2,Best4-10
4,7,IDFdm2,Best1-3
3,475,IDFdw,Best1-3
3,1053,IDFdw,Best4-10
3,14,IDFdw,Ancient
4,47,IDFdw,Best1-3
4,15,IDFdw,Best4-10
3,210,IDFmw2,Best1-3
3,15,IDFmw2,Best4-10
4,217,IDFmw2,Best1-3
4,200,IDFmw2,Best4-10
5,27,IDFmw2,Best1-3
5,15,IDFmw2,Best4-10
3,4,IDFww,Best1-3
3,157,IDFww,Best4-10
3,12,IDFww,Ancient
4,21,IDFww,Best1-3
4,336,IDFww,Best4-10
4,19,IDFww,Ancient
5,33,IDFww,Best1-3
5,35,IDFww,Best4-10
5,2,IDFww,Ancient
6,1,IDFww,Best4-10
6,4,IDFww,Ancient
7,1,IDFww,Ancient
3,37,IDFww1,Best1-3
3,200,IDFww1,Best4-10
3,1,IDFww1,Ancient
4,9,IDFww1,Best1-3
4,10,IDFww1,Best4-10
5,1,IDFww1,Best4-10
3,319,IDFxc,Best1-3
3,471,IDFxc,Best4-10
4,25,IDFxc,Best1-3
4,4,IDFxc,Best4-10
3,1501,IDFxh1,Best1-3
3,117,IDFxh1,Best4-10
4,145,IDFxh1,Best1-3
4,5,IDFxh1,Best4-10
5,8,IDFxh1,Best1-3
3,2069,IDFxh2,Best1-3
3,2,IDFxh2,Best4-10
4,213,IDFxh2,Best1-3
5,2,IDFxh2,Best1-3
3,2180,IDFxm,Best1-3
3,563,IDFxm,Best4-10
4,62,IDFxm,Best1-3
4,12,IDFxm,Best4-10
3,595,IDFxw,Best1-3
3,901,IDFxw,Best4-10
3,61,IDFxw,Ancient
4,203,IDFxw,Best1-3
4,271,IDFxw,Best4-10
4,1,IDFxw,Ancient
3,1,IMAunp,Best4-10
3,2420,MHmm1,Best1-3
3,8093,MHmm1,Best4-10
3,471,MHmm1,Ancient
4,1782,MHmm1,Best1-3
4,2129,MHmm1,Best4-10
4,230,MHmm1,Ancient
5,257,MHmm1,Best1-3
5,230,MHmm1,Best4-10
5,3,MHmm1,Ancient
6,29,MHmm1,Best1-3
6,8,MHmm1,Best4-10
7,2,MHmm1,Best1-3
7,6,MHmm1,Best4-10
3,4585,MHmm2,Best1-3
3,14124,MHmm2,Best4-10
3,61,MHmm2,Ancient
4,2829,MHmm2,Best1-3
4,1887,MHmm2,Best4-10
4,2,MHmm2,Ancient
5,96,MHmm2,Best1-3
5,102,MHmm2,Best4-10
6,24,MHmm2,Best1-3
6,11,MHmm2,Best4-10
3,3,MHun,Best1-3
3,5,MHun,Best4-10
3,243,MHwh,Best1-3
3,579,MHwh,Best4-10
4,97,MHwh,Best1-3
4,24,MHwh,Best4-10
3,329,MHwh1,Best1-3
3,928,MHwh1,Best4-10
4,178,MHwh1,Best1-3
4,108,MHwh1,Best4-10
5,27,MHwh1,Best1-3
5,1,MHwh1,Best4-10
3,230,MSdc1,Best1-3
3,565,MSdc1,Best4-10
3,174,MSdc1,Ancient
4,226,MSdc1,Best1-3
4,481,MSdc1,Best4-10
4,10,MSdc1,Ancient
5,105,MSdc1,Best1-3
5,113,MSdc1,Best4-10
3,138,MSdc2,Best1-3
3,785,MSdc2,Best4-10
3,115,MSdc2,Ancient
4,601,MSdc2,Best1-3
4,573,MSdc2,Best4-10
4,1,MSdc2,Ancient
5,90,MSdc2,Best1-3
5,26,MSdc2,Best4-10
3,5,MSdc3,Best1-3
3,23,MSdc3,Best4-10
3,16,MSdc3,Ancient
4,13,MSdc3,Best1-3
4,44,MSdc3,Best4-10
5,2,MSdc3,Best4-10
3,736,MSdk,Best1-3
3,2710,MSdk,Best4-10
3,174,MSdk,Ancient
4,1068,MSdk,Best1-3
4,4138,MSdk,Best4-10
4,69,MSdk,Ancient
5,354,MSdk,Best1-3
5,342,MSdk,Best4-10
5,3,MSdk,Ancient
6,39,MSdk,Best1-3
6,3,MSdk,Best4-10
3,3511,MSdm1,Best1-3
3,10336,MSdm1,Best4-10
3,3,MSdm1,Ancient
4,4166,MSdm1,Best1-3
4,7123,MSdm1,Best4-10
5,477,MSdm1,Best1-3
5,520,MSdm1,Best4-10
5,12,MSdm1,Ancient
6,2,MSdm1,Best4-10
7,1,MSdm1,Best1-3
7,2,MSdm1,Best4-10
3,2297,MSdm2,Best1-3
3,8171,MSdm2,Best4-10
3,110,MSdm2,Ancient
4,3100,MSdm2,Best1-3
4,5395,MSdm2,Best4-10
4,16,MSdm2,Ancient
5,244,MSdm2,Best1-3
5,251,MSdm2,Best4-10
6,7,MSdm2,Best4-10
3,247,MSdm3,Best1-3
3,1570,MSdm3,Best4-10
4,1301,MSdm3,Best1-3
4,2837,MSdm3,Best4-10
5,407,MSdm3,Best1-3
5,320,MSdm3,Best4-10
6,4,MSdm3,Best4-10
3,172,MSdv,Best1-3
3,375,MSdv,Best4-10
4,45,MSdv,Best1-3
4,88,MSdv,Best4-10
5,2,MSdv,Best1-3
5,6,MSdv,Best4-10
3,2695,MSdw,Best1-3
3,9907,MSdw,Best4-10
3,4,MSdw,Ancient
4,2307,MSdw,Best1-3
4,2436,MSdw,Best4-10
4,4,MSdw,Ancient
5,208,MSdw,Best1-3
5,84,MSdw,Best4-10
6,5,MSdw,Best1-3
6,7,MSdw,Best4-10
7,10,MSdw,Best4-10
3,39,MSmw2,Best1-3
3,158,MSmw2,Best4-10
3,139,MSmw2,Ancient
4,83,MSmw2,Best1-3
4,61,MSmw2,Best4-10
4,19,MSmw2,Ancient
5,9,MSmw2,Best1-3
5,29,MSmw2,Best4-10
6,14,MSmw2,Best1-3
3,2375,MSxk1,Best1-3
3,4871,MSxk1,Best4-10
3,74,MSxk1,Ancient
4,1378,MSxk1,Best1-3
4,2602,MSxk1,Best4-10
4,15,MSxk1,Ancient
5,42,MSxk1,Best1-3
5,20,MSxk1,Best4-10
3,1872,MSxk2,Best1-3
3,8028,MSxk2,Best4-10
3,15,MSxk2,Ancient
4,1156,MSxk2,Best1-3
4,1727,MSxk2,Best4-10
5,16,MSxk2,Best1-3
5,10,MSxk2,Best4-10
6,13,MSxk2,Best1-3
6,1,MSxk2,Best4-10
3,1129,MSxk3,Best1-3
3,3322,MSxk3,Best4-10
3,46,MSxk3,Ancient
4,447,MSxk3,Best1-3
4,672,MSxk3,Best4-10
4,5,MSxk3,Ancient
3,8482,MSxv,Best1-3
3,9812,MSxv,Best4-10
3,22,MSxv,Ancient
4,312,MSxv,Best1-3
4,96,MSxv,Best4-10
4,1,MSxv,Ancient
5,4,MSxv,Best1-3
5,3,MSxv,Best4-10
6,3,MSxv,Best4-10
3,57,PPxh1,Best1-3
4,5,PPxh1,Best1-3
4,1,PPxh1,Best4-10
3,69,PPxh2,Best1-3
4,2,PPxh2,Best1-3
3,6164,SBPSdc,Best1-3
3,2041,SBPSdc,Best4-10
4,695,SBPSdc,Best1-3
4,220,SBPSdc,Best4-10
5,23,SBPSdc,Best1-3
5,14,SBPSdc,Best4-10
3,1521,SBPSmc,Best1-3
3,5914,SBPSmc,Best4-10
4,184,SBPSmc,Best1-3
4,345,SBPSmc,Best4-10
5,1,SBPSmc,Best1-3
5,2,SBPSmc,Best4-10
3,3791,SBPSmk,Best1-3
3,3640,SBPSmk,Best4-10
4,3977,SBPSmk,Best1-3
4,1280,SBPSmk,Best4-10
5,452,SBPSmk,Best1-3
5,84,SBPSmk,Best4-10
6,1,SBPSmk,Best1-3
3,8937,SBPSxc,Best1-3
3,5706,SBPSxc,Best4-10
4,258,SBPSxc,Best1-3
4,89,SBPSxc,Best4-10
5,1,SBPSxc,Best1-3
5,2,SBPSxc,Best4-10
3,101,SBSdh1,Best1-3
3,685,SBSdh1,Best4-10
3,12,SBSdh1,Ancient
4,470,SBSdh1,Best1-3
4,703,SBSdh1,Best4-10
4,4,SBSdh1,Ancient
5,184,SBSdh1,Best1-3
5,104,SBSdh1,Best4-10
6,2,SBSdh1,Best1-3
4,1,SBSdh2,Best4-10
3,5815,SBSdk,Best1-3
3,24748,SBSdk,Best4-10
4,5018,SBSdk,Best1-3
4,4647,SBSdk,Best4-10
5,1449,SBSdk,Best1-3
5,400,SBSdk,Best4-10
6,215,SBSdk,Best1-3
6,32,SBSdk,Best4-10
7,93,SBSdk,Best1-3
7,3,SBSdk,Best4-10
3,117,SBSdw1,Best1-3
3,1726,SBSdw1,Best4-10
3,8,SBSdw1,Ancient
4,2941,SBSdw1,Best1-3
4,11562,SBSdw1,Best4-10
5,2493,SBSdw1,Best1-3
5,1943,SBSdw1,Best4-10
6,107,SBSdw1,Best1-3
6,59,SBSdw1,Best4-10
3,845,SBSdw2,Best1-3
3,6827,SBSdw2,Best4-10
4,7722,SBSdw2,Best1-3
4,15414,SBSdw2,Best4-10
5,2003,SBSdw2,Best1-3
5,1198,SBSdw2,Best4-10
6,26,SBSdw2,Best1-3
6,17,SBSdw2,Best4-10
7,3,SBSdw2,Best1-3
7,5,SBSdw2,Best4-10
3,1493,SBSdw3,Best1-3
3,17307,SBSdw3,Best4-10
4,11628,SBSdw3,Best1-3
4,21250,SBSdw3,Best4-10
5,2613,SBSdw3,Best1-3
5,2979,SBSdw3,Best4-10
6,38,SBSdw3,Best1-3
6,53,SBSdw3,Best4-10
7,13,SBSdw3,Best4-10
3,448,SBSmc1,Best1-3
3,1186,SBSmc1,Best4-10
3,3,SBSmc1,Ancient
4,437,SBSmc1,Best1-3
4,895,SBSmc1,Best4-10
4,1,SBSmc1,Ancient
5,49,SBSmc1,Best1-3
5,56,SBSmc1,Best4-10
6,1,SBSmc1,Best4-10
3,21809,SBSmc2,Best1-3
3,61907,SBSmc2,Best4-10
3,547,SBSmc2,Ancient
4,17168,SBSmc2,Best1-3
4,18462,SBSmc2,Best4-10
4,57,SBSmc2,Ancient
5,3792,SBSmc2,Best1-3
5,2547,SBSmc2,Best4-10
5,5,SBSmc2,Ancient
6,182,SBSmc2,Best1-3
6,124,SBSmc2,Best4-10
7,103,SBSmc2,Best1-3
7,61,SBSmc2,Best4-10
3,4684,SBSmc3,Best1-3
3,8984,SBSmc3,Best4-10
4,131,SBSmc3,Best1-3
4,263,SBSmc3,Best4-10
5,2,SBSmc3,Best1-3
5,24,SBSmc3,Best4-10
6,3,SBSmc3,Best4-10
3,70,SBSmh,Best4-10
4,68,SBSmh,Best1-3
4,886,SBSmh,Best4-10
5,438,SBSmh,Best1-3
5,1098,SBSmh,Best4-10
6,217,SBSmh,Best1-3
6,200,SBSmh,Best4-10
7,29,SBSmh,Best1-3
7,6,SBSmh,Best4-10
3,8948,SBSmk1,Best1-3
3,38865,SBSmk1,Best4-10
3,128,SBSmk1,Ancient
4,14943,SBSmk1,Best1-3
4,25173,SBSmk1,Best4-10
4,11,SBSmk1,Ancient
5,4856,SBSmk1,Best1-3
5,2903,SBSmk1,Best4-10
5,1,SBSmk1,Ancient
6,408,SBSmk1,Best1-3
6,52,SBSmk1,Best4-10
7,125,SBSmk1,Best1-3
7,44,SBSmk1,Best4-10
3,1451,SBSmk2,Best1-3
3,4823,SBSmk2,Best4-10
3,1,SBSmk2,Ancient
4,3626,SBSmk2,Best1-3
4,7119,SBSmk2,Best4-10
5,1127,SBSmk2,Best1-3
5,1163,SBSmk2,Best4-10
6,17,SBSmk2,Best1-3
6,18,SBSmk2,Best4-10
3,147,SBSmm,Best1-3
3,679,SBSmm,Best4-10
3,27,SBSmm,Ancient
4,650,SBSmm,Best1-3
4,1583,SBSmm,Best4-10
4,3,SBSmm,Ancient
5,119,SBSmm,Best1-3
5,107,SBSmm,Best4-10
5,2,SBSmm,Ancient
3,223,SBSmw,Best1-3
3,2421,SBSmw,Best4-10
4,1730,SBSmw,Best1-3
4,5922,SBSmw,Best4-10
5,1859,SBSmw,Best1-3
5,1753,SBSmw,Best4-10
6,242,SBSmw,Best1-3
6,87,SBSmw,Best4-10
7,12,SBSmw,Best1-3
7,1,SBSmw,Best4-10
3,942,SBSun,Best1-3
3,4631,SBSun,Best4-10
3,97,SBSun,Ancient
4,768,SBSun,Best1-3
4,1040,SBSun,Best4-10
4,21,SBSun,Ancient
5,856,SBSun,Best1-3
5,271,SBSun,Best4-10
5,1,SBSun,Ancient
6,49,SBSun,Best1-3
7,219,SBSun,Best1-3
7,2,SBSun,Best4-10
3,5090,SBSvk,Best1-3
3,4318,SBSvk,Best4-10
3,68,SBSvk,Ancient
4,545,SBSvk,Best1-3
4,553,SBSvk,Best4-10
4,33,SBSvk,Ancient
5,22,SBSvk,Best1-3
5,49,SBSvk,Best4-10
6,4,SBSvk,Best1-3
6,6,SBSvk,Best4-10
6,1,SBSvk,Ancient
3,2117,SBSwk1,Best1-3
3,2,SBSwk1,Best4-10
4,1094,SBSwk1,Best1-3
4,8,SBSwk1,Best4-10
5,182,SBSwk1,Best1-3
6,14,SBSwk1,Best1-3
3,2377,SBSwk2,Best1-3
3,27,SBSwk2,Best4-10
3,101,SBSwk2,Ancient
4,229,SBSwk2,Best1-3
4,19,SBSwk2,Best4-10
4,41,SBSwk2,Ancient
5,42,SBSwk2,Best1-3
5,1,SBSwk2,Best4-10
5,4,SBSwk2,Ancient
6,2,SBSwk2,Best1-3
7,2,SBSwk2,Best1-3
3,3358,SBSwk3,Best1-3
3,10821,SBSwk3,Best4-10
3,61,SBSwk3,Ancient
4,5996,SBSwk3,Best1-3
4,12356,SBSwk3,Best4-10
4,7,SBSwk3,Ancient
5,1452,SBSwk3,Best1-3
5,1365,SBSwk3,Best4-10
5,2,SBSwk3,Ancient
6,208,SBSwk3,Best1-3
6,48,SBSwk3,Best4-10
7,5,SBSwk3,Best1-3
3,679,SBSwk3a,Best1-3
3,1227,SBSwk3a,Best4-10
4,411,SBSwk3a,Best1-3
4,169,SBSwk3a,Best4-10
5,5,SBSwk3a,Best1-3
5,35,SBSwk3a,Best4-10
3,1,SWBmk,Best1-3
3,12,SWBmk,Best4-10
4,3,SWBmk,Best4-10
3,1,BGxh3,RareVariant
3,3,BWBSdk,RareVariant
3,2257,BWBSdk,RareLU
4,219,BWBSdk,RareLU
3,912,BWBSmk,RareLU
4,166,BWBSmk,RareLU
3,1,BWBSmw,RareVariant
3,3058,BWBSmw,RareLU
4,5156,BWBSmw,RareLU
5,592,BWBSmw,RareLU
6,6,BWBSmw,RareLU
3,52,BWBSwk1,RareLU
3,1,BWBSwk2,RareVariant
3,4,BWBSwk2,RareLU
3,15,CDFmm,RareVariant
4,196,CDFmm,RareVariant
5,101,CDFmm,RareVariant
6,2,CDFmm,RareVariant
7,2,CDFmm,RareVariant
3,1718,CWHdm,RareVariant
4,2132,CWHdm,RareVariant
5,2367,CWHdm,RareVariant
6,260,CWHdm,RareVariant
7,69,CWHdm,RareVariant
3,57,CWHds1,RareVariant
3,409,CWHds1,RareLU
4,1,CWHds1,RareVariant
4,1139,CWHds1,RareLU
5,422,CWHds1,RareLU
6,26,CWHds1,RareLU
7,4,CWHds1,RareLU
3,10,CWHmm1,RareVariant
3,168,CWHmm1,RareLU
4,4,CWHmm1,RareVariant
4,152,CWHmm1,RareLU
5,1,CWHmm1,RareVariant
5,117,CWHmm1,RareLU
6,57,CWHmm1,RareLU
7,9,CWHmm1,RareLU
3,1,CWHmm2,RareVariant
3,26,CWHmm2,RareLU
4,3,CWHmm2,RareVariant
4,40,CWHmm2,RareLU
5,4,CWHmm2,RareVariant
5,51,CWHmm2,RareLU
6,6,CWHmm2,RareLU
3,76,CWHms1,RareLU
4,18,CWHms1,RareLU
5,9,CWHms1,RareLU
3,41,CWHvh1,RareLU
4,23,CWHvh1,RareLU
5,10,CWHvh1,RareLU
3,9,CWHvh3,RareLU
4,2,CWHvh3,RareLU
5,5,CWHvh3,RareLU
3,5,CWHvm1,RareVariant
3,1018,CWHvm1,RareLU
4,5,CWHvm1,RareVariant
4,1131,CWHvm1,RareLU
5,388,CWHvm1,RareLU
6,1,CWHvm1,RareVariant
6,114,CWHvm1,RareLU
7,20,CWHvm1,RareLU
3,8,CWHvm2,RareVariant
3,133,CWHvm2,RareLU
4,4,CWHvm2,RareVariant
4,329,CWHvm2,RareLU
5,3,CWHvm2,RareVariant
5,39,CWHvm2,RareLU
6,1,CWHvm2,RareVariant
6,34,CWHvm2,RareLU
7,5,CWHvm2,RareLU
3,178,CWHwm,RareLU
3,203,CWHws1,RareLU
4,115,CWHws1,RareLU
5,9,CWHws1,RareLU
6,19,CWHws1,RareLU
7,31,CWHws1,RareLU
3,3,CWHws2,RareVariant
3,3,CWHws2,RareLU
3,72,CWHxm1,RareVariant
4,288,CWHxm1,RareVariant
5,154,CWHxm1,RareVariant
6,36,CWHxm1,RareVariant
7,5,CWHxm1,RareVariant
3,1397,CWHxm2,RareVariant
4,1440,CWHxm2,RareVariant
5,832,CWHxm2,RareVariant
6,337,CWHxm2,RareVariant
7,108,CWHxm2,RareVariant
3,1088,ESSFdc1,RareVariant
4,100,ESSFdc1,RareVariant
5,10,ESSFdc1,RareVariant
3,510,ESSFdc2,RareLU
4,355,ESSFdc2,RareLU
5,6,ESSFdc2,RareLU
3,2,ESSFdc3,RareVariant
3,30,ESSFdc3,RareLU
4,5,ESSFdc3,RareLU
3,2,ESSFdcp,RareVariant
3,73,ESSFdcw,RareVariant
4,2,ESSFdcw,RareVariant
3,42,ESSFdh1,RareVariant
3,19,ESSFdh1,RareLU
4,15,ESSFdh1,RareVariant
4,18,ESSFdh1,RareLU
5,1,ESSFdh1,RareLU
3,72,ESSFdh2,RareLU
4,15,ESSFdh2,RareLU
3,4264,ESSFdk1,RareLU
4,942,ESSFdk1,RareLU
5,64,ESSFdk1,RareLU
3,1501,ESSFdk2,RareLU
4,265,ESSFdk2,RareLU
5,4,ESSFdk2,RareLU
3,130,ESSFdkw,RareLU
4,1,ESSFdkw,RareLU
3,11271,ESSFmc,RareVariant
3,7,ESSFmc,RareLU
4,861,ESSFmc,RareVariant
5,132,ESSFmc,RareVariant
6,1,ESSFmc,RareVariant
3,1078,ESSFmh,RareVariant
4,175,ESSFmh,RareVariant
5,77,ESSFmh,RareVariant
3,101,ESSFmk,RareLU
3,974,ESSFmm1,RareLU
4,298,ESSFmm1,RareLU
3,4436,ESSFmm3,RareVariant
4,261,ESSFmm3,RareVariant
4,1,ESSFmm3,RareLU
5,22,ESSFmm3,RareVariant
6,1,ESSFmm3,RareVariant
3,956,ESSFmmw,RareVariant
4,7,ESSFmmw,RareVariant
5,1,ESSFmmw,RareVariant
3,10,ESSFmv1,RareVariant
3,12,ESSFmv1,RareLU
4,1,ESSFmv1,RareLU
3,421,ESSFmv2,RareVariant
4,19,ESSFmv2,RareVariant
3,3316,ESSFmv3,RareVariant
3,3,ESSFmv3,RareLU
4,146,ESSFmv3,RareVariant
6,2,ESSFmv3,RareVariant
3,107,ESSFmv4,RareVariant
4,1,ESSFmv4,RareVariant
3,7,ESSFmw1,RareVariant
3,1571,ESSFmw1,RareLU
4,231,ESSFmw1,RareLU
5,16,ESSFmw1,RareLU
3,181,ESSFmw2,RareLU
4,8,ESSFmw2,RareLU
5,1,ESSFmw2,RareLU
3,43,ESSFmww,RareLU
4,10,ESSFmww,RareLU
3,445,ESSFun,RareLU
3,503,ESSFvc,RareLU
4,38,ESSFvc,RareLU
5,1,ESSFvc,RareLU
3,295,ESSFvcw,RareVariant
4,26,ESSFvcw,RareVariant
5,3,ESSFvcw,RareVariant
3,25,ESSFwc2,RareVariant
3,2430,ESSFwc2,RareLU
4,3,ESSFwc2,RareVariant
4,206,ESSFwc2,RareLU
5,36,ESSFwc2,RareLU
3,1226,ESSFwc3,RareVariant
4,28,ESSFwc3,RareVariant
5,5,ESSFwc3,RareVariant
3,4805,ESSFwc4,RareVariant
3,12,ESSFwc4,RareLU
4,265,ESSFwc4,RareVariant
5,7,ESSFwc4,RareVariant
6,1,ESSFwc4,RareVariant
4,1,ESSFwcp,RareVariant
3,1463,ESSFwcw,RareVariant
3,1,ESSFwcw,RareLU
4,29,ESSFwcw,RareVariant
3,34,ESSFwh1,RareVariant
3,3645,ESSFwh1,RareLU
4,1,ESSFwh1,RareVariant
4,403,ESSFwh1,RareLU
5,16,ESSFwh1,RareLU
6,3,ESSFwh1,RareLU
3,924,ESSFwh2,RareVariant
4,48,ESSFwh2,RareVariant
5,3,ESSFwh2,RareVariant
3,575,ESSFwh3,RareVariant
4,155,ESSFwh3,RareVariant
5,3,ESSFwh3,RareVariant
3,6125,ESSFwk1,RareVariant
3,5,ESSFwk1,RareLU
4,524,ESSFwk1,RareVariant
5,29,ESSFwk1,RareVariant
3,3824,ESSFwk2,RareVariant
4,110,ESSFwk2,RareVariant
5,4,ESSFwk2,RareVariant
3,495,ESSFwm1,RareVariant
4,13,ESSFwm1,RareVariant
5,28,ESSFwm1,RareVariant
6,10,ESSFwm1,RareVariant
3,423,ESSFwm2,RareVariant
4,7,ESSFwm2,RareVariant
5,2,ESSFwm2,RareVariant
3,54,ESSFwm3,RareVariant
4,4,ESSFwm3,RareVariant
3,195,ESSFwm4,RareVariant
4,11,ESSFwm4,RareVariant
5,1,ESSFwm4,RareVariant
3,43,ESSFwmw,RareVariant
3,3,ESSFwv,RareVariant
3,1,ESSFwv,RareLU
3,20,ESSFxc1,RareVariant
3,87,ESSFxc1,RareLU
4,4,ESSFxc1,RareLU
3,217,ESSFxc2,RareLU
4,1,ESSFxc2,RareLU
3,1,ESSFxc3,RareVariant
3,2,ESSFxc3,RareLU
4,2,ESSFxc3,RareLU
3,8,ESSFxcw,RareVariant
3,619,ESSFxv1,RareVariant
3,179,ESSFxv2,RareVariant
3,3,ESSFxv2,RareLU
4,2,ESSFxv2,RareVariant
3,2640,ICHdm,RareLU
4,917,ICHdm,RareLU
5,72,ICHdm,RareLU
6,7,ICHdm,RareLU
3,1199,ICHdw1,RareLU
4,2919,ICHdw1,RareLU
5,579,ICHdw1,RareLU
6,24,ICHdw1,RareLU
7,1,ICHdw1,RareLU
3,1,ICHdw3,RareVariant
3,396,ICHdw3,RareLU
4,1529,ICHdw3,RareLU
5,110,ICHdw3,RareLU
6,3,ICHdw3,RareLU
3,21,ICHdw4,RareLU
4,106,ICHdw4,RareLU
5,23,ICHdw4,RareLU
6,11,ICHdw4,RareLU
3,10,ICHmc1,RareVariant
3,229,ICHmc1,RareLU
4,3,ICHmc1,RareVariant
4,92,ICHmc1,RareLU
3,9334,ICHmc2,RareVariant
4,3398,ICHmc2,RareVariant
5,546,ICHmc2,RareVariant
6,69,ICHmc2,RareVariant
7,28,ICHmc2,RareVariant
3,56,ICHmk1,RareVariant
3,147,ICHmk1,RareLU
4,17,ICHmk1,RareVariant
4,289,ICHmk1,RareLU
5,7,ICHmk1,RareLU
3,42,ICHmk2,RareVariant
3,326,ICHmk2,RareLU
4,46,ICHmk2,RareVariant
4,1044,ICHmk2,RareLU
5,12,ICHmk2,RareVariant
5,350,ICHmk2,RareLU
3,638,ICHmk3,RareVariant
4,740,ICHmk3,RareVariant
4,2,ICHmk3,RareLU
5,56,ICHmk3,RareVariant
3,1126,ICHmk4,RareVariant
4,634,ICHmk4,RareVariant
5,23,ICHmk4,RareVariant
3,3,ICHmk5,RareVariant
3,144,ICHmk5,RareLU
4,599,ICHmk5,RareLU
5,77,ICHmk5,RareLU
6,4,ICHmk5,RareLU
3,2098,ICHmm,RareLU
4,776,ICHmm,RareLU
5,85,ICHmm,RareLU
6,3,ICHmm,RareLU
7,2,ICHmm,RareLU
3,5162,ICHmw1,RareVariant
3,1,ICHmw1,RareLU
4,1550,ICHmw1,RareVariant
5,105,ICHmw1,RareVariant
5,1,ICHmw1,RareLU
6,6,ICHmw1,RareVariant
3,8433,ICHmw2,RareVariant
3,6,ICHmw2,RareLU
4,3470,ICHmw2,RareVariant
4,4,ICHmw2,RareLU
5,438,ICHmw2,RareVariant
6,40,ICHmw2,RareVariant
3,3696,ICHmw3,RareVariant
3,6,ICHmw3,RareLU
4,2090,ICHmw3,RareVariant
4,13,ICHmw3,RareLU
5,462,ICHmw3,RareVariant
6,20,ICHmw3,RareVariant
3,1155,ICHmw4,RareVariant
3,1,ICHmw4,RareLU
4,659,ICHmw4,RareVariant
4,1,ICHmw4,RareLU
5,24,ICHmw4,RareVariant
3,1405,ICHmw5,RareVariant
4,218,ICHmw5,RareVariant
4,2,ICHmw5,RareLU
5,47,ICHmw5,RareVariant
6,2,ICHmw5,RareVariant
4,23,ICHvc,RareLU
3,3,ICHvk1,RareLU
4,3,ICHvk1,RareLU
3,7,ICHvk2,RareVariant
3,2811,ICHvk2,RareLU
4,689,ICHvk2,RareLU
5,1,ICHvk2,RareVariant
5,11,ICHvk2,RareLU
6,3,ICHvk2,RareLU
3,306,ICHwc,RareLU
4,6,ICHwc,RareLU
6,1,ICHwc,RareLU
3,17,ICHwk1,RareVariant
3,2188,ICHwk1,RareLU
4,11,ICHwk1,RareVariant
4,1092,ICHwk1,RareLU
5,3,ICHwk1,RareVariant
5,282,ICHwk1,RareLU
6,31,ICHwk1,RareLU
3,11,ICHwk2,RareVariant
3,1033,ICHwk2,RareLU
4,1,ICHwk2,RareVariant
4,569,ICHwk2,RareLU
5,48,ICHwk2,RareLU
6,21,ICHwk2,RareLU
3,2,ICHwk3,RareVariant
3,439,ICHwk3,RareLU
4,1,ICHwk3,RareVariant
4,34,ICHwk3,RareLU
3,3,ICHwk4,RareVariant
3,498,ICHwk4,RareLU
4,2,ICHwk4,RareVariant
4,360,ICHwk4,RareLU
5,5,ICHwk4,RareLU
7,1,ICHwk4,RareLU
3,196,ICHxm1,RareVariant
4,16,ICHxm1,RareVariant
4,1,ICHxm1,RareLU
3,22,ICHxw,RareVariant
4,2,ICHxw,RareVariant
4,5,ICHxwa,RareVariant
3,1567,IDFdc,RareVariant
4,216,IDFdc,RareVariant
5,10,IDFdc,RareVariant
3,5,IDFdh,RareVariant
3,5463,IDFdk1,RareVariant
3,134,IDFdk1,RareLU
4,1027,IDFdk1,RareVariant
4,313,IDFdk1,RareLU
5,1,IDFdk1,RareVariant
5,22,IDFdk1,RareLU
3,2607,IDFdk2,RareVariant
3,46,IDFdk2,RareLU
4,1123,IDFdk2,RareVariant
4,88,IDFdk2,RareLU
5,12,IDFdk2,RareVariant
5,4,IDFdk2,RareLU
3,6743,IDFdk3,RareVariant
3,24,IDFdk3,RareLU
4,1307,IDFdk3,RareVariant
4,3,IDFdk3,RareLU
5,10,IDFdk3,RareVariant
6,1,IDFdk3,RareVariant
3,2216,IDFdk4,RareVariant
4,15,IDFdk4,RareVariant
3,66,IDFdk5,RareVariant
4,65,IDFdk5,RareVariant
5,5,IDFdk5,RareVariant
3,961,IDFdm1,RareVariant
4,590,IDFdm1,RareVariant
5,27,IDFdm1,RareVariant
3,136,IDFdm2,RareVariant
4,5,IDFdm2,RareVariant
3,1,IDFdw,RareVariant
3,178,IDFdw,RareLU
4,52,IDFdw,RareLU
3,210,IDFmw2,RareVariant
3,1,IDFmw2,RareLU
4,139,IDFmw2,RareVariant
4,29,IDFmw2,RareLU
5,3,IDFmw2,RareVariant
5,1,IDFmw2,RareLU
3,148,IDFww,RareLU
4,265,IDFww,RareLU
5,46,IDFww,RareLU
6,5,IDFww,RareLU
7,1,IDFww,RareLU
3,4,IDFww1,RareVariant
3,773,IDFxc,RareVariant
4,27,IDFxc,RareVariant
3,1561,IDFxh1,RareVariant
4,141,IDFxh1,RareVariant
5,6,IDFxh1,RareVariant
3,2027,IDFxh2,RareVariant
4,212,IDFxh2,RareVariant
3,2736,IDFxm,RareVariant
4,67,IDFxm,RareVariant
4,1,IDFxm,RareLU
3,582,IDFxw,RareVariant
4,59,IDFxw,RareVariant
3,7,MHmm1,RareLU
4,5,MHmm1,RareLU
3,37,MHmm2,RareLU
4,2,MHmm2,RareLU
3,6,MSdc1,RareVariant
4,1,MSdc1,RareVariant
3,1,MSdc2,RareVariant
3,35,MSdc2,RareLU
4,1,MSdc2,RareLU
3,2,MSdk,RareVariant
3,1428,MSdk,RareLU
4,1,MSdk,RareVariant
4,642,MSdk,RareLU
5,32,MSdk,RareLU
3,21,MSdm1,RareVariant
3,892,MSdm1,RareLU
4,49,MSdm1,RareVariant
4,608,MSdm1,RareLU
5,7,MSdm1,RareVariant
5,92,MSdm1,RareLU
3,212,MSdm2,RareVariant
3,1369,MSdm2,RareLU
4,174,MSdm2,RareVariant
4,824,MSdm2,RareLU
5,2,MSdm2,RareVariant
5,11,MSdm2,RareLU
3,8,MSdm3,RareVariant
3,430,MSdm3,RareLU
4,1,MSdm3,RareVariant
4,595,MSdm3,RareLU
5,41,MSdm3,RareLU
3,6,MSdv,RareVariant
3,37,MSdv,RareLU
3,2101,MSdw,RareLU
4,1098,MSdw,RareLU
5,51,MSdw,RareLU
6,2,MSdw,RareLU
3,1,MSmw2,RareVariant
3,473,MSxk1,RareVariant
3,125,MSxk1,RareLU
4,52,MSxk1,RareVariant
4,61,MSxk1,RareLU
3,175,MSxk2,RareVariant
3,1395,MSxk2,RareLU
4,47,MSxk2,RareVariant
4,556,MSxk2,RareLU
5,2,MSxk2,RareVariant
5,8,MSxk2,RareLU
6,1,MSxk2,RareLU
3,142,MSxk3,RareVariant
3,205,MSxk3,RareLU
4,20,MSxk3,RareVariant
4,64,MSxk3,RareLU
3,25,MSxv,RareVariant
3,4147,MSxv,RareLU
4,1,MSxv,RareVariant
4,73,MSxv,RareLU
3,48,PPxh1,RareVariant
4,6,PPxh1,RareVariant
3,67,PPxh2,RareVariant
4,2,PPxh2,RareVariant
3,8070,SBPSdc,RareVariant
3,6,SBPSdc,RareLU
4,857,SBPSdc,RareVariant
4,1,SBPSdc,RareLU
5,36,SBPSdc,RareVariant
3,1,SBPSmc,RareVariant
3,842,SBPSmc,RareLU
4,42,SBPSmc,RareLU
3,7363,SBPSmk,RareVariant
3,2,SBPSmk,RareLU
4,5222,SBPSmk,RareVariant
4,3,SBPSmk,RareLU
5,535,SBPSmk,RareVariant
6,1,SBPSmk,RareVariant
3,13523,SBPSxc,RareVariant
3,2,SBPSxc,RareLU
4,278,SBPSxc,RareVariant
5,3,SBPSxc,RareVariant
3,17896,SBSdk,RareLU
4,3653,SBSdk,RareLU
5,380,SBSdk,RareLU
6,39,SBSdk,RareLU
7,26,SBSdk,RareLU
3,309,SBSdw1,RareLU
4,1,SBSdw1,RareVariant
4,1480,SBSdw1,RareLU
5,416,SBSdw1,RareLU
6,11,SBSdw1,RareLU
3,5,SBSdw2,RareVariant
3,1974,SBSdw2,RareLU
4,2,SBSdw2,RareVariant
4,5807,SBSdw2,RareLU
5,300,SBSdw2,RareLU
6,5,SBSdw2,RareLU
3,7833,SBSdw3,RareLU
4,2,SBSdw3,RareVariant
4,8119,SBSdw3,RareLU
5,1021,SBSdw3,RareLU
6,7,SBSdw3,RareLU
7,6,SBSdw3,RareLU
3,247,SBSmc1,RareLU
4,606,SBSmc1,RareLU
5,68,SBSmc1,RareLU
3,17,SBSmc2,RareVariant
3,17476,SBSmc2,RareLU
4,3,SBSmc2,RareVariant
4,2226,SBSmc2,RareLU
5,198,SBSmc2,RareLU
6,8,SBSmc2,RareLU
7,6,SBSmc2,RareLU
3,4793,SBSmc3,RareLU
4,190,SBSmc3,RareLU
5,24,SBSmc3,RareLU
6,3,SBSmc3,RareLU
3,1,SBSmh,RareLU
4,14,SBSmh,RareLU
5,14,SBSmh,RareLU
6,59,SBSmh,RareLU
3,2,SBSmk1,RareVariant
3,6744,SBSmk1,RareLU
4,4642,SBSmk1,RareLU
5,707,SBSmk1,RareLU
6,24,SBSmk1,RareLU
3,2,SBSmk2,RareVariant
3,312,SBSmk2,RareLU
4,514,SBSmk2,RareLU
5,75,SBSmk2,RareLU
6,2,SBSmk2,RareLU
3,105,SBSmm,RareLU
4,243,SBSmm,RareLU
5,8,SBSmm,RareLU
3,599,SBSmw,RareLU
4,1238,SBSmw,RareLU
5,1180,SBSmw,RareLU
6,159,SBSmw,RareLU
7,13,SBSmw,RareLU
3,9529,SBSvk,RareVariant
3,2,SBSvk,RareLU
4,1064,SBSvk,RareVariant
5,40,SBSvk,RareVariant
6,9,SBSvk,RareVariant
3,2087,SBSwk1,RareVariant
3,1,SBSwk1,RareLU
4,1069,SBSwk1,RareVariant
5,169,SBSwk1,RareVariant
6,14,SBSwk1,RareVariant
3,2668,SBSwk2,RareVariant
4,238,SBSwk2,RareVariant
5,28,SBSwk2,RareVariant
6,2,SBSwk2,RareVariant
7,2,SBSwk2,RareVariant
3,89,SBSwk3,RareLU
4,18,SBSwk3,RareLU
5,2,SBSwk3,RareLU
3,1887,SBSwk3a,RareVariant
4,577,SBSwk3a,RareVariant
5,28,SBSwk3a,RareVariant
3,1,SWBmk,RareLU
