BGC,SIClass,Area,Var
BAFAunp,3,1,AllForest
BGxh1,3,41,AllForest
BGxh1,4,6,AllForest
BGxh1,5,9,AllForest
BGxh2,3,289,AllForest
BGxh2,4,2,AllForest
BGxh3,3,12,AllForest
BGxw1,3,231,AllForest
BGxw1,4,51,AllForest
BGxw2,3,122,AllForest
BGxw2,4,5,AllForest
BWBSdk,3,864015,AllForest
BWBSdk,4,251701,AllForest
BWBSdk,5,25115,AllForest
BWBSdk,6,1330,AllForest
BWBSdk,7,416,AllForest
BWBSmk,3,2510040,AllForest
BWBSmk,4,1460403,AllForest
BWBSmk,5,336327,AllForest
BWBSmk,6,26363,AllForest
BWBSmk,7,3589,AllForest
BWBSmw,3,468890,AllForest
BWBSmw,4,856985,AllForest
BWBSmw,5,97907,AllForest
BWBSmw,6,8885,AllForest
BWBSmw,7,507,AllForest
BWBSvk,3,3995,AllForest
BWBSvk,4,2716,AllForest
BWBSwk1,3,187404,AllForest
BWBSwk1,4,58954,AllForest
BWBSwk1,5,1943,AllForest
BWBSwk1,6,409,AllForest
BWBSwk1,7,55,AllForest
BWBSwk2,3,131239,AllForest
BWBSwk2,4,67025,AllForest
BWBSwk2,5,5968,AllForest
BWBSwk2,6,1104,AllForest
BWBSwk2,7,27,AllForest
BWBSwk3,3,52391,AllForest
BWBSwk3,4,3947,AllForest
BWBSwk3,5,138,AllForest
BWBSwk3,6,10,AllForest
CDFmm,3,2999,AllForest
CDFmm,4,4136,AllForest
CDFmm,5,8452,AllForest
CDFmm,6,14572,AllForest
CDFmm,7,10842,AllForest
CMAunp,3,756,AllForest
CMAunp,4,146,AllForest
CMAunp,5,24,AllForest
CMAunp,6,2,AllForest
CWHdm,3,12595,AllForest
CWHdm,4,37074,AllForest
CWHdm,5,87224,AllForest
CWHdm,6,81163,AllForest
CWHdm,7,52603,AllForest
CWHds1,3,24521,AllForest
CWHds1,4,67778,AllForest
CWHds1,5,60842,AllForest
CWHds1,6,27963,AllForest
CWHds1,7,13380,AllForest
CWHds2,3,18156,AllForest
CWHds2,4,17237,AllForest
CWHds2,5,9457,AllForest
CWHds2,6,2654,AllForest
CWHds2,7,1449,AllForest
CWHmm1,3,11038,AllForest
CWHmm1,4,13892,AllForest
CWHmm1,5,21125,AllForest
CWHmm1,6,20422,AllForest
CWHmm1,7,12869,AllForest
CWHmm2,3,16296,AllForest
CWHmm2,4,11945,AllForest
CWHmm2,5,9788,AllForest
CWHmm2,6,6420,AllForest
CWHmm2,7,1752,AllForest
CWHms1,3,113144,AllForest
CWHms1,4,134531,AllForest
CWHms1,5,68268,AllForest
CWHms1,6,19249,AllForest
CWHms1,7,4428,AllForest
CWHms2,3,43778,AllForest
CWHms2,4,33894,AllForest
CWHms2,5,20426,AllForest
CWHms2,6,9116,AllForest
CWHms2,7,2506,AllForest
CWHvh1,3,140823,AllForest
CWHvh1,4,72526,AllForest
CWHvh1,5,42797,AllForest
CWHvh1,6,18492,AllForest
CWHvh1,7,9576,AllForest
CWHvh2,3,339330,AllForest
CWHvh2,4,79941,AllForest
CWHvh2,5,22746,AllForest
CWHvh2,6,6086,AllForest
CWHvh2,7,1605,AllForest
CWHvh3,3,137759,AllForest
CWHvh3,4,25156,AllForest
CWHvh3,5,14172,AllForest
CWHvh3,6,7802,AllForest
CWHvh3,7,2227,AllForest
CWHvm1,3,418193,AllForest
CWHvm1,4,350109,AllForest
CWHvm1,5,298718,AllForest
CWHvm1,6,264058,AllForest
CWHvm1,7,127448,AllForest
CWHvm2,3,378713,AllForest
CWHvm2,4,163300,AllForest
CWHvm2,5,101112,AllForest
CWHvm2,6,74058,AllForest
CWHvm2,7,16361,AllForest
CWHwh1,3,140135,AllForest
CWHwh1,4,60146,AllForest
CWHwh1,5,50150,AllForest
CWHwh1,6,32465,AllForest
CWHwh1,7,23635,AllForest
CWHwh2,3,29684,AllForest
CWHwh2,4,8881,AllForest
CWHwh2,5,5013,AllForest
CWHwh2,6,2334,AllForest
CWHwh2,7,626,AllForest
CWHwm,3,63618,AllForest
CWHwm,4,23016,AllForest
CWHwm,5,17553,AllForest
CWHwm,6,5009,AllForest
CWHwm,7,5340,AllForest
CWHws1,3,33140,AllForest
CWHws1,4,42614,AllForest
CWHws1,5,42170,AllForest
CWHws1,6,11884,AllForest
CWHws1,7,4218,AllForest
CWHws2,3,185969,AllForest
CWHws2,4,57748,AllForest
CWHws2,5,31800,AllForest
CWHws2,6,7060,AllForest
CWHws2,7,955,AllForest
CWHxm1,3,4532,AllForest
CWHxm1,4,12349,AllForest
CWHxm1,5,24222,AllForest
CWHxm1,6,27642,AllForest
CWHxm1,7,31258,AllForest
CWHxm2,3,7796,AllForest
CWHxm2,4,14913,AllForest
CWHxm2,5,30135,AllForest
CWHxm2,6,50537,AllForest
CWHxm2,7,53171,AllForest
ESSFdc1,3,69307,AllForest
ESSFdc1,4,32236,AllForest
ESSFdc1,5,3014,AllForest
ESSFdc1,6,129,AllForest
ESSFdc1,7,31,AllForest
ESSFdc2,3,94589,AllForest
ESSFdc2,4,57409,AllForest
ESSFdc2,5,3826,AllForest
ESSFdc2,6,226,AllForest
ESSFdc2,7,27,AllForest
ESSFdc3,3,58616,AllForest
ESSFdc3,4,35959,AllForest
ESSFdc3,5,4757,AllForest
ESSFdc3,6,280,AllForest
ESSFdc3,7,12,AllForest
ESSFdcp,3,35,AllForest
ESSFdcp,4,33,AllForest
ESSFdcw,3,14461,AllForest
ESSFdcw,4,1881,AllForest
ESSFdcw,5,86,AllForest
ESSFdh1,3,13112,AllForest
ESSFdh1,4,13705,AllForest
ESSFdh1,5,1490,AllForest
ESSFdh1,6,40,AllForest
ESSFdh2,3,3389,AllForest
ESSFdh2,4,1680,AllForest
ESSFdh2,5,100,AllForest
ESSFdh2,6,23,AllForest
ESSFdk1,3,107815,AllForest
ESSFdk1,4,61439,AllForest
ESSFdk1,5,4584,AllForest
ESSFdk1,6,42,AllForest
ESSFdk1,7,7,AllForest
ESSFdk2,3,126473,AllForest
ESSFdk2,4,73858,AllForest
ESSFdk2,5,6752,AllForest
ESSFdk2,6,172,AllForest
ESSFdk2,7,71,AllForest
ESSFdkp,3,138,AllForest
ESSFdkp,4,56,AllForest
ESSFdkw,3,30513,AllForest
ESSFdkw,4,5605,AllForest
ESSFdkw,5,339,AllForest
ESSFdv1,3,14224,AllForest
ESSFdv1,4,3009,AllForest
ESSFdv1,5,227,AllForest
ESSFdv1,6,15,AllForest
ESSFdv2,3,12615,AllForest
ESSFdv2,4,2122,AllForest
ESSFdv2,5,40,AllForest
ESSFdvp,3,9,AllForest
ESSFdvp,4,2,AllForest
ESSFdvw,3,1316,AllForest
ESSFdvw,4,125,AllForest
ESSFdvw,5,3,AllForest
ESSFmc,3,217119,AllForest
ESSFmc,4,63272,AllForest
ESSFmc,5,6500,AllForest
ESSFmc,6,318,AllForest
ESSFmc,7,28,AllForest
ESSFmcp,3,73,AllForest
ESSFmcp,4,1,AllForest
ESSFmh,3,55276,AllForest
ESSFmh,4,72233,AllForest
ESSFmh,5,16241,AllForest
ESSFmh,6,547,AllForest
ESSFmh,7,53,AllForest
ESSFmk,3,24265,AllForest
ESSFmk,4,1878,AllForest
ESSFmk,5,60,AllForest
ESSFmk,7,1,AllForest
ESSFmkp,3,24,AllForest
ESSFmm1,3,61442,AllForest
ESSFmm1,4,12643,AllForest
ESSFmm1,5,1242,AllForest
ESSFmm1,6,17,AllForest
ESSFmm1,7,9,AllForest
ESSFmm2,3,4943,AllForest
ESSFmm2,4,3742,AllForest
ESSFmm2,5,220,AllForest
ESSFmm3,3,50223,AllForest
ESSFmm3,4,23711,AllForest
ESSFmm3,5,4167,AllForest
ESSFmm3,6,488,AllForest
ESSFmm3,7,33,AllForest
ESSFmmp,3,329,AllForest
ESSFmmp,4,30,AllForest
ESSFmmp,5,3,AllForest
ESSFmmw,3,14591,AllForest
ESSFmmw,4,2941,AllForest
ESSFmmw,5,135,AllForest
ESSFmmw,6,12,AllForest
ESSFmv1,3,87470,AllForest
ESSFmv1,4,21502,AllForest
ESSFmv1,5,3268,AllForest
ESSFmv1,6,75,AllForest
ESSFmv2,3,242346,AllForest
ESSFmv2,4,26197,AllForest
ESSFmv2,5,1188,AllForest
ESSFmv2,6,57,AllForest
ESSFmv2,7,16,AllForest
ESSFmv3,3,404390,AllForest
ESSFmv3,4,101944,AllForest
ESSFmv3,5,9238,AllForest
ESSFmv3,6,822,AllForest
ESSFmv3,7,163,AllForest
ESSFmv4,3,192632,AllForest
ESSFmv4,4,39671,AllForest
ESSFmv4,5,3122,AllForest
ESSFmv4,6,333,AllForest
ESSFmv4,7,44,AllForest
ESSFmvp,3,283,AllForest
ESSFmvp,4,41,AllForest
ESSFmw,3,5863,AllForest
ESSFmw,4,2067,AllForest
ESSFmw,5,63,AllForest
ESSFmw1,3,67964,AllForest
ESSFmw1,4,21027,AllForest
ESSFmw1,5,2523,AllForest
ESSFmw1,6,20,AllForest
ESSFmw1,7,17,AllForest
ESSFmw2,3,26366,AllForest
ESSFmw2,4,6458,AllForest
ESSFmw2,5,1044,AllForest
ESSFmw2,6,48,AllForest
ESSFmwp,3,172,AllForest
ESSFmwp,4,1,AllForest
ESSFmww,3,8311,AllForest
ESSFmww,4,456,AllForest
ESSFmww,5,20,AllForest
ESSFun,3,43406,AllForest
ESSFun,4,5228,AllForest
ESSFun,5,195,AllForest
ESSFun,6,111,AllForest
ESSFun,7,20,AllForest
ESSFunp,3,50,AllForest
ESSFvc,3,67024,AllForest
ESSFvc,4,17570,AllForest
ESSFvc,5,2824,AllForest
ESSFvc,6,277,AllForest
ESSFvc,7,6,AllForest
ESSFvcp,3,106,AllForest
ESSFvcp,4,18,AllForest
ESSFvcw,3,14970,AllForest
ESSFvcw,4,2304,AllForest
ESSFvcw,5,96,AllForest
ESSFvcw,6,8,AllForest
ESSFvcw,7,5,AllForest
ESSFwc2,3,222020,AllForest
ESSFwc2,4,86920,AllForest
ESSFwc2,5,19423,AllForest
ESSFwc2,6,2057,AllForest
ESSFwc2,7,151,AllForest
ESSFwc3,3,104959,AllForest
ESSFwc3,4,15699,AllForest
ESSFwc3,5,2873,AllForest
ESSFwc3,6,92,AllForest
ESSFwc3,7,4,AllForest
ESSFwc4,3,118202,AllForest
ESSFwc4,4,30190,AllForest
ESSFwc4,5,2578,AllForest
ESSFwc4,6,87,AllForest
ESSFwc4,7,9,AllForest
ESSFwcp,3,835,AllForest
ESSFwcp,4,47,AllForest
ESSFwcp,5,7,AllForest
ESSFwcw,3,65087,AllForest
ESSFwcw,4,8417,AllForest
ESSFwcw,5,1968,AllForest
ESSFwcw,6,15,AllForest
ESSFwcw,7,4,AllForest
ESSFwh1,3,91110,AllForest
ESSFwh1,4,49645,AllForest
ESSFwh1,5,8489,AllForest
ESSFwh1,6,776,AllForest
ESSFwh1,7,45,AllForest
ESSFwh2,3,19138,AllForest
ESSFwh2,4,13089,AllForest
ESSFwh2,5,1174,AllForest
ESSFwh2,6,154,AllForest
ESSFwh2,7,3,AllForest
ESSFwh3,3,30701,AllForest
ESSFwh3,4,21752,AllForest
ESSFwh3,5,3124,AllForest
ESSFwh3,6,80,AllForest
ESSFwh3,7,23,AllForest
ESSFwk1,3,208858,AllForest
ESSFwk1,4,101510,AllForest
ESSFwk1,5,26626,AllForest
ESSFwk1,6,1902,AllForest
ESSFwk1,7,502,AllForest
ESSFwk2,3,128159,AllForest
ESSFwk2,4,23996,AllForest
ESSFwk2,5,4383,AllForest
ESSFwk2,6,740,AllForest
ESSFwk2,7,77,AllForest
ESSFwm1,3,16418,AllForest
ESSFwm1,4,7313,AllForest
ESSFwm1,5,705,AllForest
ESSFwm1,6,60,AllForest
ESSFwm2,3,29054,AllForest
ESSFwm2,4,8107,AllForest
ESSFwm2,5,698,AllForest
ESSFwm2,6,3,AllForest
ESSFwm3,3,25347,AllForest
ESSFwm3,4,4563,AllForest
ESSFwm3,5,85,AllForest
ESSFwm3,7,1,AllForest
ESSFwm4,3,69010,AllForest
ESSFwm4,4,42155,AllForest
ESSFwm4,5,5816,AllForest
ESSFwm4,6,176,AllForest
ESSFwm4,7,74,AllForest
ESSFwmp,3,75,AllForest
ESSFwmw,3,19046,AllForest
ESSFwmw,4,1620,AllForest
ESSFwmw,5,215,AllForest
ESSFwv,3,107170,AllForest
ESSFwv,4,10951,AllForest
ESSFwv,5,1974,AllForest
ESSFwv,6,226,AllForest
ESSFwv,7,19,AllForest
ESSFwvp,3,41,AllForest
ESSFwvp,4,1,AllForest
ESSFxc1,3,49032,AllForest
ESSFxc1,4,11888,AllForest
ESSFxc1,5,120,AllForest
ESSFxc2,3,35031,AllForest
ESSFxc2,4,8909,AllForest
ESSFxc2,5,730,AllForest
ESSFxc2,6,10,AllForest
ESSFxc3,3,19985,AllForest
ESSFxc3,4,4801,AllForest
ESSFxc3,5,122,AllForest
ESSFxcp,3,94,AllForest
ESSFxcp,4,1,AllForest
ESSFxcw,3,5599,AllForest
ESSFxcw,4,250,AllForest
ESSFxcw,5,28,AllForest
ESSFxv1,3,40147,AllForest
ESSFxv1,4,5518,AllForest
ESSFxv1,5,1290,AllForest
ESSFxv1,6,4,AllForest
ESSFxv2,3,18327,AllForest
ESSFxv2,4,1457,AllForest
ESSFxvp,3,50,AllForest
ESSFxvw,3,496,AllForest
ESSFxvw,4,20,AllForest
ICHdk,3,2702,AllForest
ICHdk,4,17891,AllForest
ICHdk,5,10235,AllForest
ICHdk,6,1085,AllForest
ICHdk,7,226,AllForest
ICHdm,3,37368,AllForest
ICHdm,4,91977,AllForest
ICHdm,5,28305,AllForest
ICHdm,6,1263,AllForest
ICHdm,7,19,AllForest
ICHdw1,3,34233,AllForest
ICHdw1,4,143236,AllForest
ICHdw1,5,57607,AllForest
ICHdw1,6,4607,AllForest
ICHdw1,7,319,AllForest
ICHdw3,3,12290,AllForest
ICHdw3,4,63913,AllForest
ICHdw3,5,35971,AllForest
ICHdw3,6,2085,AllForest
ICHdw3,7,1680,AllForest
ICHdw4,3,10322,AllForest
ICHdw4,4,53629,AllForest
ICHdw4,5,18574,AllForest
ICHdw4,6,1795,AllForest
ICHdw4,7,71,AllForest
ICHmc1,3,204047,AllForest
ICHmc1,4,72178,AllForest
ICHmc1,5,31258,AllForest
ICHmc1,6,2562,AllForest
ICHmc1,7,656,AllForest
ICHmc1a,3,10354,AllForest
ICHmc1a,4,2913,AllForest
ICHmc1a,5,627,AllForest
ICHmc1a,6,397,AllForest
ICHmc1a,7,55,AllForest
ICHmc2,3,69719,AllForest
ICHmc2,4,88570,AllForest
ICHmc2,5,42163,AllForest
ICHmc2,6,8339,AllForest
ICHmc2,7,2344,AllForest
ICHmk1,3,23905,AllForest
ICHmk1,4,73660,AllForest
ICHmk1,5,21275,AllForest
ICHmk1,6,674,AllForest
ICHmk1,7,42,AllForest
ICHmk2,3,17242,AllForest
ICHmk2,4,43999,AllForest
ICHmk2,5,20769,AllForest
ICHmk2,6,917,AllForest
ICHmk2,7,190,AllForest
ICHmk3,3,17552,AllForest
ICHmk3,4,37119,AllForest
ICHmk3,5,33196,AllForest
ICHmk3,6,4463,AllForest
ICHmk3,7,856,AllForest
ICHmk4,3,11671,AllForest
ICHmk4,4,19367,AllForest
ICHmk4,5,5737,AllForest
ICHmk4,6,356,AllForest
ICHmk4,7,64,AllForest
ICHmk5,3,13337,AllForest
ICHmk5,4,36106,AllForest
ICHmk5,5,17173,AllForest
ICHmk5,6,1847,AllForest
ICHmk5,7,411,AllForest
ICHmm,3,44332,AllForest
ICHmm,4,42041,AllForest
ICHmm,5,13276,AllForest
ICHmm,6,984,AllForest
ICHmm,7,148,AllForest
ICHmw1,3,28436,AllForest
ICHmw1,4,54430,AllForest
ICHmw1,5,24962,AllForest
ICHmw1,6,2440,AllForest
ICHmw1,7,354,AllForest
ICHmw2,3,80220,AllForest
ICHmw2,4,231068,AllForest
ICHmw2,5,82770,AllForest
ICHmw2,6,7131,AllForest
ICHmw2,7,600,AllForest
ICHmw3,3,72479,AllForest
ICHmw3,4,134164,AllForest
ICHmw3,5,60463,AllForest
ICHmw3,6,5265,AllForest
ICHmw3,7,3917,AllForest
ICHmw4,3,17312,AllForest
ICHmw4,4,42005,AllForest
ICHmw4,5,14798,AllForest
ICHmw4,6,934,AllForest
ICHmw4,7,13,AllForest
ICHmw5,3,45612,AllForest
ICHmw5,4,124539,AllForest
ICHmw5,5,35789,AllForest
ICHmw5,6,2396,AllForest
ICHmw5,7,11,AllForest
ICHvc,3,69782,AllForest
ICHvc,4,42222,AllForest
ICHvc,5,5955,AllForest
ICHvc,6,1477,AllForest
ICHvc,7,1181,AllForest
ICHvk1,3,84049,AllForest
ICHvk1,4,47362,AllForest
ICHvk1,5,26390,AllForest
ICHvk1,6,2774,AllForest
ICHvk1,7,350,AllForest
ICHvk2,3,59178,AllForest
ICHvk2,4,29915,AllForest
ICHvk2,5,8477,AllForest
ICHvk2,6,2460,AllForest
ICHvk2,7,394,AllForest
ICHwc,3,37394,AllForest
ICHwc,4,12215,AllForest
ICHwc,5,5272,AllForest
ICHwc,6,1068,AllForest
ICHwc,7,808,AllForest
ICHwk1,3,199542,AllForest
ICHwk1,4,175386,AllForest
ICHwk1,5,70158,AllForest
ICHwk1,6,9808,AllForest
ICHwk1,7,1026,AllForest
ICHwk2,3,49796,AllForest
ICHwk2,4,46729,AllForest
ICHwk2,5,27796,AllForest
ICHwk2,6,3316,AllForest
ICHwk2,7,572,AllForest
ICHwk3,3,31448,AllForest
ICHwk3,4,13117,AllForest
ICHwk3,5,7498,AllForest
ICHwk3,6,510,AllForest
ICHwk3,7,56,AllForest
ICHwk4,3,41669,AllForest
ICHwk4,4,41118,AllForest
ICHwk4,5,17119,AllForest
ICHwk4,6,3912,AllForest
ICHwk4,7,572,AllForest
ICHxm1,3,14809,AllForest
ICHxm1,4,51197,AllForest
ICHxm1,5,9417,AllForest
ICHxm1,6,548,AllForest
ICHxm1,7,79,AllForest
ICHxw,3,5682,AllForest
ICHxw,4,23733,AllForest
ICHxw,5,9261,AllForest
ICHxw,6,1391,AllForest
ICHxw,7,19,AllForest
ICHxwa,3,1662,AllForest
ICHxwa,4,5313,AllForest
ICHxwa,5,1123,AllForest
ICHxwa,6,109,AllForest
ICHxwa,7,59,AllForest
IDFdc,3,28854,AllForest
IDFdc,4,18981,AllForest
IDFdc,5,1625,AllForest
IDFdc,6,95,AllForest
IDFdh,3,1705,AllForest
IDFdh,4,4511,AllForest
IDFdh,5,298,AllForest
IDFdh,6,104,AllForest
IDFdh,7,44,AllForest
IDFdk1,3,258705,AllForest
IDFdk1,4,122944,AllForest
IDFdk1,5,4960,AllForest
IDFdk1,6,274,AllForest
IDFdk1,7,36,AllForest
IDFdk2,3,125735,AllForest
IDFdk2,4,114072,AllForest
IDFdk2,5,6794,AllForest
IDFdk2,6,851,AllForest
IDFdk2,7,30,AllForest
IDFdk3,3,451527,AllForest
IDFdk3,4,267216,AllForest
IDFdk3,5,25589,AllForest
IDFdk3,6,908,AllForest
IDFdk3,7,58,AllForest
IDFdk4,3,158447,AllForest
IDFdk4,4,19444,AllForest
IDFdk4,5,341,AllForest
IDFdk4,7,41,AllForest
IDFdk5,3,14801,AllForest
IDFdk5,4,21256,AllForest
IDFdk5,5,4017,AllForest
IDFdk5,6,72,AllForest
IDFdm1,3,31875,AllForest
IDFdm1,4,46448,AllForest
IDFdm1,5,6415,AllForest
IDFdm1,6,478,AllForest
IDFdm1,7,73,AllForest
IDFdm2,3,56864,AllForest
IDFdm2,4,58722,AllForest
IDFdm2,5,7134,AllForest
IDFdm2,6,569,AllForest
IDFdm2,7,132,AllForest
IDFdw,3,42063,AllForest
IDFdw,4,8564,AllForest
IDFdw,5,378,AllForest
IDFdw,6,44,AllForest
IDFmw2,3,23979,AllForest
IDFmw2,4,73944,AllForest
IDFmw2,5,23668,AllForest
IDFmw2,6,913,AllForest
IDFmw2,7,74,AllForest
IDFww,3,8976,AllForest
IDFww,4,23746,AllForest
IDFww,5,12317,AllForest
IDFww,6,4211,AllForest
IDFww,7,1572,AllForest
IDFww1,3,2855,AllForest
IDFww1,4,1978,AllForest
IDFww1,5,329,AllForest
IDFww1,6,46,AllForest
IDFww1,7,2,AllForest
IDFxc,3,19606,AllForest
IDFxc,4,5122,AllForest
IDFxc,5,548,AllForest
IDFxc,6,92,AllForest
IDFxc,7,16,AllForest
IDFxh1,3,63122,AllForest
IDFxh1,4,20872,AllForest
IDFxh1,5,1475,AllForest
IDFxh1,6,152,AllForest
IDFxh1,7,13,AllForest
IDFxh2,3,117304,AllForest
IDFxh2,4,28924,AllForest
IDFxh2,5,1050,AllForest
IDFxh2,6,108,AllForest
IDFxk,3,4283,AllForest
IDFxk,4,602,AllForest
IDFxk,5,115,AllForest
IDFxk,6,28,AllForest
IDFxm,3,91266,AllForest
IDFxm,4,16390,AllForest
IDFxm,5,854,AllForest
IDFxm,6,30,AllForest
IDFxm,7,3,AllForest
IDFxw,3,27789,AllForest
IDFxw,4,8928,AllForest
IDFxw,5,332,AllForest
IDFxw,6,3,AllForest
IDFxx2,3,19349,AllForest
IDFxx2,4,9370,AllForest
IDFxx2,5,909,AllForest
IDFxx2,6,63,AllForest
IDFxx2,7,14,AllForest
IMAunp,3,47,AllForest
IMAunp,5,1,AllForest
MHmm1,3,136730,AllForest
MHmm1,4,32701,AllForest
MHmm1,5,16520,AllForest
MHmm1,6,7965,AllForest
MHmm1,7,946,AllForest
MHmm2,3,174672,AllForest
MHmm2,4,38667,AllForest
MHmm2,5,10913,AllForest
MHmm2,6,944,AllForest
MHmm2,7,146,AllForest
MHmmp,3,284,AllForest
MHmmp,4,17,AllForest
MHmmp,5,9,AllForest
MHun,3,263,AllForest
MHunp,3,3,AllForest
MHwh,3,5332,AllForest
MHwh,4,368,AllForest
MHwh,5,114,AllForest
MHwh,6,20,AllForest
MHwh1,3,7300,AllForest
MHwh1,4,564,AllForest
MHwh1,5,144,AllForest
MHwh1,6,37,AllForest
MHwh1,7,2,AllForest
MHwhp,3,35,AllForest
MHwhp,4,1,AllForest
MHwhp,5,1,AllForest
MSdc1,3,12666,AllForest
MSdc1,4,6350,AllForest
MSdc1,5,1151,AllForest
MSdc1,6,1,AllForest
MSdc2,3,19060,AllForest
MSdc2,4,3248,AllForest
MSdc2,5,326,AllForest
MSdc3,3,894,AllForest
MSdc3,4,288,AllForest
MSdc3,5,13,AllForest
MSdk,3,74259,AllForest
MSdk,4,147399,AllForest
MSdk,5,33185,AllForest
MSdk,6,1370,AllForest
MSdk,7,67,AllForest
MSdm1,3,89894,AllForest
MSdm1,4,143878,AllForest
MSdm1,5,35966,AllForest
MSdm1,6,1309,AllForest
MSdm1,7,245,AllForest
MSdm2,3,118072,AllForest
MSdm2,4,132811,AllForest
MSdm2,5,10193,AllForest
MSdm2,6,987,AllForest
MSdm2,7,5,AllForest
MSdm3,3,26267,AllForest
MSdm3,4,60200,AllForest
MSdm3,5,16505,AllForest
MSdm3,6,1712,AllForest
MSdm3,7,101,AllForest
MSdv,3,10275,AllForest
MSdv,4,999,AllForest
MSdv,5,68,AllForest
MSdw,3,69454,AllForest
MSdw,4,96205,AllForest
MSdw,5,20850,AllForest
MSdw,6,765,AllForest
MSdw,7,74,AllForest
MSmw2,3,6909,AllForest
MSmw2,4,3819,AllForest
MSmw2,5,693,AllForest
MSmw2,6,95,AllForest
MSxk1,3,85323,AllForest
MSxk1,4,59971,AllForest
MSxk1,5,2060,AllForest
MSxk1,6,25,AllForest
MSxk1,7,14,AllForest
MSxk2,3,116294,AllForest
MSxk2,4,89931,AllForest
MSxk2,5,4052,AllForest
MSxk2,6,232,AllForest
MSxk2,7,8,AllForest
MSxk3,3,57822,AllForest
MSxk3,4,11420,AllForest
MSxk3,5,253,AllForest
MSxk3,6,1,AllForest
MSxv,3,241621,AllForest
MSxv,4,73630,AllForest
MSxv,5,1103,AllForest
MSxv,6,222,AllForest
PPxh1,3,13298,AllForest
PPxh1,4,3539,AllForest
PPxh1,5,442,AllForest
PPxh1,6,23,AllForest
PPxh2,3,16399,AllForest
PPxh2,4,1959,AllForest
PPxh2,5,223,AllForest
SBPSdc,3,201513,AllForest
SBPSdc,4,93745,AllForest
SBPSdc,5,6910,AllForest
SBPSdc,6,78,AllForest
SBPSmc,3,188259,AllForest
SBPSmc,4,19795,AllForest
SBPSmc,5,453,AllForest
SBPSmc,6,19,AllForest
SBPSmk,3,135769,AllForest
SBPSmk,4,191354,AllForest
SBPSmk,5,17748,AllForest
SBPSmk,6,540,AllForest
SBPSmk,7,98,AllForest
SBPSxc,3,297648,AllForest
SBPSxc,4,28172,AllForest
SBPSxc,5,1275,AllForest
SBPSxc,6,21,AllForest
SBPSxc,7,5,AllForest
SBSdh1,3,6604,AllForest
SBSdh1,4,15265,AllForest
SBSdh1,5,5880,AllForest
SBSdh1,6,127,AllForest
SBSdh1,7,9,AllForest
SBSdh2,3,5128,AllForest
SBSdh2,4,5358,AllForest
SBSdh2,5,2150,AllForest
SBSdh2,6,234,AllForest
SBSdk,3,268555,AllForest
SBSdk,4,300791,AllForest
SBSdk,5,49106,AllForest
SBSdk,6,4245,AllForest
SBSdk,7,516,AllForest
SBSdw1,3,32401,AllForest
SBSdw1,4,160722,AllForest
SBSdw1,5,95442,AllForest
SBSdw1,6,3833,AllForest
SBSdw1,7,145,AllForest
SBSdw2,3,94029,AllForest
SBSdw2,4,240954,AllForest
SBSdw2,5,81555,AllForest
SBSdw2,6,2270,AllForest
SBSdw2,7,329,AllForest
SBSdw3,3,146292,AllForest
SBSdw3,4,387858,AllForest
SBSdw3,5,128545,AllForest
SBSdw3,6,4561,AllForest
SBSdw3,7,676,AllForest
SBSmc1,3,13111,AllForest
SBSmc1,4,24992,AllForest
SBSmc1,5,7843,AllForest
SBSmc1,6,118,AllForest
SBSmc1,7,17,AllForest
SBSmc2,3,755214,AllForest
SBSmc2,4,705107,AllForest
SBSmc2,5,116009,AllForest
SBSmc2,6,11285,AllForest
SBSmc2,7,1429,AllForest
SBSmc3,3,147608,AllForest
SBSmc3,4,44576,AllForest
SBSmc3,5,5973,AllForest
SBSmc3,6,206,AllForest
SBSmh,3,2317,AllForest
SBSmh,4,27100,AllForest
SBSmh,5,12211,AllForest
SBSmh,6,1859,AllForest
SBSmh,7,249,AllForest
SBSmk1,3,342318,AllForest
SBSmk1,4,544997,AllForest
SBSmk1,5,177768,AllForest
SBSmk1,6,11142,AllForest
SBSmk1,7,1234,AllForest
SBSmk2,3,72969,AllForest
SBSmk2,4,114331,AllForest
SBSmk2,5,29937,AllForest
SBSmk2,6,1774,AllForest
SBSmk2,7,363,AllForest
SBSmm,3,15660,AllForest
SBSmm,4,33496,AllForest
SBSmm,5,13173,AllForest
SBSmm,6,430,AllForest
SBSmm,7,60,AllForest
SBSmw,3,20434,AllForest
SBSmw,4,82689,AllForest
SBSmw,5,79062,AllForest
SBSmw,6,6534,AllForest
SBSmw,7,347,AllForest
SBSun,3,70432,AllForest
SBSun,4,18972,AllForest
SBSun,5,5686,AllForest
SBSun,6,1729,AllForest
SBSun,7,458,AllForest
SBSvk,3,138393,AllForest
SBSvk,4,108702,AllForest
SBSvk,5,36836,AllForest
SBSvk,6,8610,AllForest
SBSvk,7,1526,AllForest
SBSwk1,3,193324,AllForest
SBSwk1,4,290117,AllForest
SBSwk1,5,142971,AllForest
SBSwk1,6,20400,AllForest
SBSwk1,7,2931,AllForest
SBSwk2,3,192724,AllForest
SBSwk2,4,156337,AllForest
SBSwk2,5,41897,AllForest
SBSwk2,6,2318,AllForest
SBSwk2,7,235,AllForest
SBSwk3,3,125029,AllForest
SBSwk3,4,168780,AllForest
SBSwk3,5,40109,AllForest
SBSwk3,6,3426,AllForest
SBSwk3,7,262,AllForest
SBSwk3a,3,14106,AllForest
SBSwk3a,4,15116,AllForest
SBSwk3a,5,6031,AllForest
SBSwk3a,6,351,AllForest
SBSwk3a,7,278,AllForest
SWBmk,3,3574,AllForest
SWBmk,4,326,AllForest
SWBmk,5,23,AllForest
SWBmk,7,4,AllForest
SWBmks,3,2,AllForest
SWBun,3,413,AllForest
SWBun,4,66,AllForest
SWBun,5,1,AllForest
BGxh3,3,2,OldForest
BGxw2,3,1,OldForest
BGxw2,4,1,OldForest
BWBSdk,3,397494,OldForest
BWBSdk,4,94521,OldForest
BWBSdk,5,5558,OldForest
BWBSdk,6,56,OldForest
BWBSdk,7,12,OldForest
BWBSmk,3,880389,OldForest
BWBSmk,4,495206,OldForest
BWBSmk,5,142258,OldForest
BWBSmk,6,8470,OldForest
BWBSmk,7,2259,OldForest
BWBSmw,3,136703,OldForest
BWBSmw,4,201388,OldForest
BWBSmw,5,13043,OldForest
BWBSmw,6,593,OldForest
BWBSmw,7,44,OldForest
BWBSvk,3,2050,OldForest
BWBSvk,4,15,OldForest
BWBSwk1,3,68947,OldForest
BWBSwk1,4,20122,OldForest
BWBSwk1,5,208,OldForest
BWBSwk1,6,29,OldForest
BWBSwk1,7,1,OldForest
BWBSwk2,3,51526,OldForest
BWBSwk2,4,19054,OldForest
BWBSwk2,5,334,OldForest
BWBSwk2,6,19,OldForest
BWBSwk3,3,16560,OldForest
BWBSwk3,4,993,OldForest
CDFmm,3,85,OldForest
CDFmm,4,201,OldForest
CDFmm,5,338,OldForest
CDFmm,6,17,OldForest
CDFmm,7,7,OldForest
CMAunp,3,263,OldForest
CMAunp,4,42,OldForest
CMAunp,5,5,OldForest
CMAunp,6,1,OldForest
CWHdm,3,2926,OldForest
CWHdm,4,4493,OldForest
CWHdm,5,4223,OldForest
CWHdm,6,565,OldForest
CWHdm,7,124,OldForest
CWHds1,3,6465,OldForest
CWHds1,4,13154,OldForest
CWHds1,5,8038,OldForest
CWHds1,6,967,OldForest
CWHds1,7,183,OldForest
CWHds2,3,3665,OldForest
CWHds2,4,4974,OldForest
CWHds2,5,2820,OldForest
CWHds2,6,27,OldForest
CWHds2,7,15,OldForest
CWHmm1,3,6972,OldForest
CWHmm1,4,7296,OldForest
CWHmm1,5,2997,OldForest
CWHmm1,6,1439,OldForest
CWHmm1,7,98,OldForest
CWHmm2,3,13392,OldForest
CWHmm2,4,9021,OldForest
CWHmm2,5,2146,OldForest
CWHmm2,6,595,OldForest
CWHmm2,7,41,OldForest
CWHms1,3,59401,OldForest
CWHms1,4,44617,OldForest
CWHms1,5,9508,OldForest
CWHms1,6,661,OldForest
CWHms1,7,148,OldForest
CWHms2,3,23223,OldForest
CWHms2,4,15497,OldForest
CWHms2,5,3885,OldForest
CWHms2,6,600,OldForest
CWHms2,7,37,OldForest
CWHvh1,3,109251,OldForest
CWHvh1,4,43484,OldForest
CWHvh1,5,6050,OldForest
CWHvh1,6,807,OldForest
CWHvh1,7,244,OldForest
CWHvh2,3,248838,OldForest
CWHvh2,4,51630,OldForest
CWHvh2,5,3722,OldForest
CWHvh2,6,624,OldForest
CWHvh2,7,134,OldForest
CWHvh3,3,103860,OldForest
CWHvh3,4,15679,OldForest
CWHvh3,5,1382,OldForest
CWHvh3,6,451,OldForest
CWHvh3,7,64,OldForest
CWHvm1,3,295485,OldForest
CWHvm1,4,210359,OldForest
CWHvm1,5,38473,OldForest
CWHvm1,6,8168,OldForest
CWHvm1,7,2114,OldForest
CWHvm2,3,276944,OldForest
CWHvm2,4,94683,OldForest
CWHvm2,5,13663,OldForest
CWHvm2,6,2644,OldForest
CWHvm2,7,319,OldForest
CWHwh1,3,73070,OldForest
CWHwh1,4,29470,OldForest
CWHwh1,5,3865,OldForest
CWHwh1,6,992,OldForest
CWHwh1,7,300,OldForest
CWHwh2,3,23197,OldForest
CWHwh2,4,3554,OldForest
CWHwh2,5,184,OldForest
CWHwh2,6,61,OldForest
CWHwh2,7,17,OldForest
CWHwm,3,38855,OldForest
CWHwm,4,8445,OldForest
CWHwm,5,2442,OldForest
CWHwm,6,528,OldForest
CWHwm,7,667,OldForest
CWHws1,3,16422,OldForest
CWHws1,4,10370,OldForest
CWHws1,5,1359,OldForest
CWHws1,6,594,OldForest
CWHws1,7,165,OldForest
CWHws2,3,117399,OldForest
CWHws2,4,23502,OldForest
CWHws2,5,2978,OldForest
CWHws2,6,434,OldForest
CWHws2,7,118,OldForest
CWHxm1,3,151,OldForest
CWHxm1,4,654,OldForest
CWHxm1,5,386,OldForest
CWHxm1,6,69,OldForest
CWHxm1,7,10,OldForest
CWHxm2,3,1975,OldForest
CWHxm2,4,3532,OldForest
CWHxm2,5,4250,OldForest
CWHxm2,6,2064,OldForest
CWHxm2,7,488,OldForest
ESSFdc1,3,1427,OldForest
ESSFdc1,4,161,OldForest
ESSFdc1,5,17,OldForest
ESSFdc2,3,29472,OldForest
ESSFdc2,4,8616,OldForest
ESSFdc2,5,295,OldForest
ESSFdc2,6,13,OldForest
ESSFdc3,3,16495,OldForest
ESSFdc3,4,3243,OldForest
ESSFdc3,5,93,OldForest
ESSFdc3,6,12,OldForest
ESSFdcp,3,2,OldForest
ESSFdcw,3,651,OldForest
ESSFdcw,4,23,OldForest
ESSFdh1,3,3004,OldForest
ESSFdh1,4,2488,OldForest
ESSFdh1,5,208,OldForest
ESSFdh1,6,19,OldForest
ESSFdh2,3,1174,OldForest
ESSFdh2,4,216,OldForest
ESSFdh2,5,2,OldForest
ESSFdh2,6,1,OldForest
ESSFdk1,3,20168,OldForest
ESSFdk1,4,5009,OldForest
ESSFdk1,5,187,OldForest
ESSFdk1,6,2,OldForest
ESSFdk2,3,39450,OldForest
ESSFdk2,4,10744,OldForest
ESSFdk2,5,478,OldForest
ESSFdk2,6,5,OldForest
ESSFdk2,7,2,OldForest
ESSFdkp,3,6,OldForest
ESSFdkw,3,10833,OldForest
ESSFdkw,4,1009,OldForest
ESSFdkw,5,5,OldForest
ESSFdv1,3,9246,OldForest
ESSFdv1,4,1282,OldForest
ESSFdv1,5,71,OldForest
ESSFdv1,6,7,OldForest
ESSFdv2,3,6652,OldForest
ESSFdv2,4,664,OldForest
ESSFdv2,5,3,OldForest
ESSFdvp,3,3,OldForest
ESSFdvw,3,935,OldForest
ESSFdvw,4,48,OldForest
ESSFmc,3,14931,OldForest
ESSFmc,4,1254,OldForest
ESSFmc,5,146,OldForest
ESSFmc,6,1,OldForest
ESSFmh,3,1327,OldForest
ESSFmh,4,249,OldForest
ESSFmh,5,92,OldForest
ESSFmh,7,2,OldForest
ESSFmk,3,6802,OldForest
ESSFmk,4,224,OldForest
ESSFmk,5,1,OldForest
ESSFmkp,3,2,OldForest
ESSFmm1,3,9005,OldForest
ESSFmm1,4,843,OldForest
ESSFmm1,5,46,OldForest
ESSFmm1,6,1,OldForest
ESSFmm2,3,1015,OldForest
ESSFmm2,4,12,OldForest
ESSFmm3,3,6756,OldForest
ESSFmm3,4,418,OldForest
ESSFmm3,5,71,OldForest
ESSFmm3,6,12,OldForest
ESSFmmp,3,26,OldForest
ESSFmmp,4,2,OldForest
ESSFmmw,3,1107,OldForest
ESSFmmw,4,9,OldForest
ESSFmmw,5,1,OldForest
ESSFmv1,3,95,OldForest
ESSFmv1,4,2,OldForest
ESSFmv1,5,1,OldForest
ESSFmv2,3,692,OldForest
ESSFmv2,4,76,OldForest
ESSFmv2,5,1,OldForest
ESSFmv3,3,4729,OldForest
ESSFmv3,4,384,OldForest
ESSFmv3,5,8,OldForest
ESSFmv3,6,3,OldForest
ESSFmv4,3,348,OldForest
ESSFmv4,4,36,OldForest
ESSFmw,3,2099,OldForest
ESSFmw,4,1001,OldForest
ESSFmw,5,62,OldForest
ESSFmw1,3,10557,OldForest
ESSFmw1,4,2609,OldForest
ESSFmw1,5,202,OldForest
ESSFmw2,3,6522,OldForest
ESSFmw2,4,1323,OldForest
ESSFmw2,5,128,OldForest
ESSFmw2,6,14,OldForest
ESSFmwp,3,11,OldForest
ESSFmww,3,1497,OldForest
ESSFmww,4,111,OldForest
ESSFmww,5,14,OldForest
ESSFun,3,18820,OldForest
ESSFun,4,1445,OldForest
ESSFun,5,115,OldForest
ESSFun,6,106,OldForest
ESSFun,7,14,OldForest
ESSFunp,3,11,OldForest
ESSFvc,3,16136,OldForest
ESSFvc,4,2367,OldForest
ESSFvc,5,301,OldForest
ESSFvc,6,124,OldForest
ESSFvcp,3,1,OldForest
ESSFvcw,3,667,OldForest
ESSFvcw,4,81,OldForest
ESSFvcw,5,3,OldForest
ESSFwc2,3,29353,OldForest
ESSFwc2,4,2915,OldForest
ESSFwc2,5,4722,OldForest
ESSFwc2,6,15,OldForest
ESSFwc2,7,1,OldForest
ESSFwc3,3,4462,OldForest
ESSFwc3,4,468,OldForest
ESSFwc3,5,964,OldForest
ESSFwc3,7,2,OldForest
ESSFwc4,3,8381,OldForest
ESSFwc4,4,405,OldForest
ESSFwc4,5,18,OldForest
ESSFwc4,6,1,OldForest
ESSFwcp,3,20,OldForest
ESSFwcp,4,1,OldForest
ESSFwcp,5,1,OldForest
ESSFwcw,3,2826,OldForest
ESSFwcw,4,180,OldForest
ESSFwcw,5,1545,OldForest
ESSFwh1,3,15124,OldForest
ESSFwh1,4,1874,OldForest
ESSFwh1,5,149,OldForest
ESSFwh1,6,4,OldForest
ESSFwh2,3,2574,OldForest
ESSFwh2,4,176,OldForest
ESSFwh2,5,78,OldForest
ESSFwh2,6,1,OldForest
ESSFwh3,3,910,OldForest
ESSFwh3,4,261,OldForest
ESSFwh3,5,4,OldForest
ESSFwk1,3,12996,OldForest
ESSFwk1,4,2013,OldForest
ESSFwk1,5,2494,OldForest
ESSFwk1,6,7,OldForest
ESSFwk1,7,21,OldForest
ESSFwk2,3,4749,OldForest
ESSFwk2,4,197,OldForest
ESSFwk2,5,26,OldForest
ESSFwk2,7,1,OldForest
ESSFwm1,3,502,OldForest
ESSFwm1,4,15,OldForest
ESSFwm1,5,28,OldForest
ESSFwm1,6,10,OldForest
ESSFwm2,3,1392,OldForest
ESSFwm2,4,36,OldForest
ESSFwm2,5,2,OldForest
ESSFwm3,3,199,OldForest
ESSFwm3,4,6,OldForest
ESSFwm4,3,823,OldForest
ESSFwm4,4,88,OldForest
ESSFwm4,5,1,OldForest
ESSFwmw,3,223,OldForest
ESSFwmw,4,40,OldForest
ESSFwv,3,54524,OldForest
ESSFwv,4,3790,OldForest
ESSFwv,5,328,OldForest
ESSFwv,6,13,OldForest
ESSFwvp,3,5,OldForest
ESSFxc1,3,19437,OldForest
ESSFxc1,4,4068,OldForest
ESSFxc1,5,6,OldForest
ESSFxc2,3,13791,OldForest
ESSFxc2,4,1026,OldForest
ESSFxc2,5,26,OldForest
ESSFxc3,3,6302,OldForest
ESSFxc3,4,926,OldForest
ESSFxc3,5,37,OldForest
ESSFxcp,3,13,OldForest
ESSFxcw,3,1748,OldForest
ESSFxcw,4,37,OldForest
ESSFxcw,5,7,OldForest
ESSFxv1,3,1207,OldForest
ESSFxv1,4,338,OldForest
ESSFxv1,5,3,OldForest
ESSFxv2,3,237,OldForest
ESSFxv2,4,4,OldForest
ESSFxvp,3,1,OldForest
ESSFxvw,3,4,OldForest
ICHdk,3,842,OldForest
ICHdk,4,5915,OldForest
ICHdk,5,896,OldForest
ICHdk,6,30,OldForest
ICHdk,7,2,OldForest
ICHdm,3,11044,OldForest
ICHdm,4,7236,OldForest
ICHdm,5,770,OldForest
ICHdm,6,74,OldForest
ICHdw1,3,9420,OldForest
ICHdw1,4,22957,OldForest
ICHdw1,5,3232,OldForest
ICHdw1,6,197,OldForest
ICHdw1,7,11,OldForest
ICHdw3,3,3322,OldForest
ICHdw3,4,14832,OldForest
ICHdw3,5,3105,OldForest
ICHdw3,6,82,OldForest
ICHdw3,7,25,OldForest
ICHdw4,3,3829,OldForest
ICHdw4,4,9687,OldForest
ICHdw4,5,1367,OldForest
ICHdw4,6,66,OldForest
ICHmc1,3,112698,OldForest
ICHmc1,4,9228,OldForest
ICHmc1,5,1510,OldForest
ICHmc1,6,121,OldForest
ICHmc1,7,18,OldForest
ICHmc1a,3,6357,OldForest
ICHmc1a,4,482,OldForest
ICHmc1a,5,98,OldForest
ICHmc1a,6,105,OldForest
ICHmc1a,7,45,OldForest
ICHmc2,3,14656,OldForest
ICHmc2,4,5120,OldForest
ICHmc2,5,825,OldForest
ICHmc2,6,109,OldForest
ICHmc2,7,103,OldForest
ICHmk1,3,8372,OldForest
ICHmk1,4,13452,OldForest
ICHmk1,5,1491,OldForest
ICHmk1,6,57,OldForest
ICHmk1,7,1,OldForest
ICHmk2,3,3361,OldForest
ICHmk2,4,6481,OldForest
ICHmk2,5,1036,OldForest
ICHmk2,6,31,OldForest
ICHmk3,3,1189,OldForest
ICHmk3,4,1060,OldForest
ICHmk3,5,152,OldForest
ICHmk3,6,7,OldForest
ICHmk3,7,1,OldForest
ICHmk4,3,1148,OldForest
ICHmk4,4,658,OldForest
ICHmk4,5,55,OldForest
ICHmk4,6,2,OldForest
ICHmk5,3,4129,OldForest
ICHmk5,4,5117,OldForest
ICHmk5,5,654,OldForest
ICHmk5,6,8,OldForest
ICHmk5,7,4,OldForest
ICHmm,3,8734,OldForest
ICHmm,4,2676,OldForest
ICHmm,5,326,OldForest
ICHmm,6,32,OldForest
ICHmm,7,2,OldForest
ICHmw1,3,6166,OldForest
ICHmw1,4,1640,OldForest
ICHmw1,5,149,OldForest
ICHmw1,6,12,OldForest
ICHmw2,3,11338,OldForest
ICHmw2,4,4504,OldForest
ICHmw2,5,784,OldForest
ICHmw2,6,44,OldForest
ICHmw3,3,15283,OldForest
ICHmw3,4,2899,OldForest
ICHmw3,5,656,OldForest
ICHmw3,6,35,OldForest
ICHmw3,7,12,OldForest
ICHmw4,3,1350,OldForest
ICHmw4,4,809,OldForest
ICHmw4,5,29,OldForest
ICHmw5,3,1805,OldForest
ICHmw5,4,360,OldForest
ICHmw5,5,75,OldForest
ICHmw5,6,2,OldForest
ICHvc,3,37526,OldForest
ICHvc,4,6264,OldForest
ICHvc,5,405,OldForest
ICHvc,6,36,OldForest
ICHvc,7,43,OldForest
ICHvk1,3,36485,OldForest
ICHvk1,4,9660,OldForest
ICHvk1,5,2515,OldForest
ICHvk1,6,363,OldForest
ICHvk1,7,116,OldForest
ICHvk2,3,11249,OldForest
ICHvk2,4,1785,OldForest
ICHvk2,5,71,OldForest
ICHvk2,6,32,OldForest
ICHvk2,7,3,OldForest
ICHwc,3,12347,OldForest
ICHwc,4,1590,OldForest
ICHwc,5,335,OldForest
ICHwc,6,80,OldForest
ICHwc,7,112,OldForest
ICHwk1,3,76400,OldForest
ICHwk1,4,16565,OldForest
ICHwk1,5,2689,OldForest
ICHwk1,6,799,OldForest
ICHwk1,7,42,OldForest
ICHwk2,3,17310,OldForest
ICHwk2,4,3968,OldForest
ICHwk2,5,771,OldForest
ICHwk2,6,89,OldForest
ICHwk2,7,3,OldForest
ICHwk3,3,7090,OldForest
ICHwk3,4,749,OldForest
ICHwk3,5,160,OldForest
ICHwk3,6,12,OldForest
ICHwk3,7,1,OldForest
ICHwk4,3,6043,OldForest
ICHwk4,4,4934,OldForest
ICHwk4,5,1989,OldForest
ICHwk4,6,362,OldForest
ICHwk4,7,21,OldForest
ICHxm1,3,414,OldForest
ICHxm1,4,185,OldForest
ICHxm1,5,13,OldForest
ICHxw,3,25,OldForest
ICHxw,4,5,OldForest
ICHxwa,4,7,OldForest
IDFdc,3,1992,OldForest
IDFdc,4,331,OldForest
IDFdc,5,10,OldForest
IDFdh,3,5,OldForest
IDFdk1,3,10490,OldForest
IDFdk1,4,2458,OldForest
IDFdk1,5,50,OldForest
IDFdk2,3,4483,OldForest
IDFdk2,4,2531,OldForest
IDFdk2,5,71,OldForest
IDFdk2,6,1,OldForest
IDFdk3,3,11888,OldForest
IDFdk3,4,1973,OldForest
IDFdk3,5,22,OldForest
IDFdk3,6,1,OldForest
IDFdk4,3,3571,OldForest
IDFdk4,4,18,OldForest
IDFdk4,5,2,OldForest
IDFdk4,7,1,OldForest
IDFdk5,3,68,OldForest
IDFdk5,4,65,OldForest
IDFdk5,5,5,OldForest
IDFdm1,3,982,OldForest
IDFdm1,4,627,OldForest
IDFdm1,5,62,OldForest
IDFdm1,6,1,OldForest
IDFdm2,3,143,OldForest
IDFdm2,4,7,OldForest
IDFdw,3,6975,OldForest
IDFdw,4,368,OldForest
IDFmw2,3,268,OldForest
IDFmw2,4,575,OldForest
IDFmw2,5,57,OldForest
IDFww,3,1366,OldForest
IDFww,4,4304,OldForest
IDFww,5,923,OldForest
IDFww,6,29,OldForest
IDFww,7,13,OldForest
IDFww1,3,583,OldForest
IDFww1,4,253,OldForest
IDFww1,5,1,OldForest
IDFxc,3,1295,OldForest
IDFxc,4,76,OldForest
IDFxc,5,15,OldForest
IDFxh1,3,2059,OldForest
IDFxh1,4,183,OldForest
IDFxh1,5,8,OldForest
IDFxh2,3,2250,OldForest
IDFxh2,4,240,OldForest
IDFxh2,5,2,OldForest
IDFxm,3,4361,OldForest
IDFxm,4,181,OldForest
IDFxm,5,3,OldForest
IDFxw,3,6395,OldForest
IDFxw,4,1327,OldForest
IDFxw,5,13,OldForest
IMAunp,3,3,OldForest
MHmm1,3,95815,OldForest
MHmm1,4,18011,OldForest
MHmm1,5,1812,OldForest
MHmm1,6,323,OldForest
MHmm1,7,77,OldForest
MHmm2,3,94081,OldForest
MHmm2,4,11403,OldForest
MHmm2,5,632,OldForest
MHmm2,6,94,OldForest
MHmm2,7,11,OldForest
MHmmp,3,183,OldForest
MHmmp,4,4,OldForest
MHun,3,84,OldForest
MHunp,3,2,OldForest
MHwh,3,4270,OldForest
MHwh,4,222,OldForest
MHwh,5,1,OldForest
MHwh,6,2,OldForest
MHwh1,3,5766,OldForest
MHwh1,4,478,OldForest
MHwh1,5,33,OldForest
MHwh1,6,3,OldForest
MHwhp,3,26,OldForest
MHwhp,4,1,OldForest
MSdc1,3,7975,OldForest
MSdc1,4,2531,OldForest
MSdc1,5,316,OldForest
MSdc2,3,5804,OldForest
MSdc2,4,1804,OldForest
MSdc2,5,299,OldForest
MSdc3,3,531,OldForest
MSdc3,4,84,OldForest
MSdc3,5,2,OldForest
MSdk,3,27448,OldForest
MSdk,4,24880,OldForest
MSdk,5,2336,OldForest
MSdk,6,47,OldForest
MSdm1,3,22226,OldForest
MSdm1,4,15212,OldForest
MSdm1,5,1425,OldForest
MSdm1,6,15,OldForest
MSdm1,7,3,OldForest
MSdm2,3,28960,OldForest
MSdm2,4,17105,OldForest
MSdm2,5,724,OldForest
MSdm2,6,16,OldForest
MSdm3,3,6731,OldForest
MSdm3,4,8259,OldForest
MSdm3,5,1121,OldForest
MSdm3,6,25,OldForest
MSdv,3,4745,OldForest
MSdv,4,536,OldForest
MSdv,5,58,OldForest
MSdw,3,17526,OldForest
MSdw,4,5635,OldForest
MSdw,5,327,OldForest
MSdw,6,12,OldForest
MSdw,7,11,OldForest
MSmw2,3,4902,OldForest
MSmw2,4,2127,OldForest
MSmw2,5,259,OldForest
MSmw2,6,67,OldForest
MSxk1,3,23652,OldForest
MSxk1,4,9193,OldForest
MSxk1,5,102,OldForest
MSxk1,6,1,OldForest
MSxk2,3,17124,OldForest
MSxk2,4,5488,OldForest
MSxk2,5,35,OldForest
MSxk2,6,14,OldForest
MSxk3,3,15494,OldForest
MSxk3,4,2141,OldForest
MSxk3,5,1,OldForest
MSxv,3,41283,OldForest
MSxv,4,993,OldForest
MSxv,5,14,OldForest
MSxv,6,3,OldForest
PPxh1,3,241,OldForest
PPxh1,4,17,OldForest
PPxh1,5,1,OldForest
PPxh2,3,69,OldForest
PPxh2,4,2,OldForest
SBPSdc,3,10226,OldForest
SBPSdc,4,1208,OldForest
SBPSdc,5,44,OldForest
SBPSmc,3,26005,OldForest
SBPSmc,4,1805,OldForest
SBPSmc,5,8,OldForest
SBPSmk,3,9312,OldForest
SBPSmk,4,6627,OldForest
SBPSmk,5,619,OldForest
SBPSmk,6,1,OldForest
SBPSxc,3,18464,OldForest
SBPSxc,4,378,OldForest
SBPSxc,5,3,OldForest
SBSdh1,3,2014,OldForest
SBSdh1,4,2409,OldForest
SBSdh1,5,417,OldForest
SBSdh1,6,7,OldForest
SBSdh2,3,1084,OldForest
SBSdh2,4,1033,OldForest
SBSdh2,5,170,OldForest
SBSdk,3,49908,OldForest
SBSdk,4,16065,OldForest
SBSdk,5,2670,OldForest
SBSdk,6,359,OldForest
SBSdk,7,117,OldForest
SBSdw1,3,5190,OldForest
SBSdw1,4,25237,OldForest
SBSdw1,5,7122,OldForest
SBSdw1,6,202,OldForest
SBSdw2,3,13969,OldForest
SBSdw2,4,30179,OldForest
SBSdw2,5,3854,OldForest
SBSdw2,6,55,OldForest
SBSdw2,7,8,OldForest
SBSdw3,3,26219,OldForest
SBSdw3,4,42313,OldForest
SBSdw3,5,6814,OldForest
SBSdw3,6,94,OldForest
SBSdw3,7,15,OldForest
SBSmc1,3,3149,OldForest
SBSmc1,4,2397,OldForest
SBSmc1,5,166,OldForest
SBSmc1,6,1,OldForest
SBSmc2,3,289187,OldForest
SBSmc2,4,79966,OldForest
SBSmc2,5,10419,OldForest
SBSmc2,6,787,OldForest
SBSmc2,7,258,OldForest
SBSmc3,3,20200,OldForest
SBSmc3,4,785,OldForest
SBSmc3,5,75,OldForest
SBSmc3,6,3,OldForest
SBSmh,3,404,OldForest
SBSmh,4,4067,OldForest
SBSmh,5,2965,OldForest
SBSmh,6,628,OldForest
SBSmh,7,69,OldForest
SBSmk1,3,96823,OldForest
SBSmk1,4,60631,OldForest
SBSmk1,5,10680,OldForest
SBSmk1,6,540,OldForest
SBSmk1,7,175,OldForest
SBSmk2,3,19297,OldForest
SBSmk2,4,20688,OldForest
SBSmk2,5,3261,OldForest
SBSmk2,6,53,OldForest
SBSmk2,7,1,OldForest
SBSmm,3,3398,OldForest
SBSmm,4,6282,OldForest
SBSmm,5,643,OldForest
SBSmm,6,1,OldForest
SBSmw,3,5306,OldForest
SBSmw,4,11839,OldForest
SBSmw,5,5960,OldForest
SBSmw,6,456,OldForest
SBSmw,7,25,OldForest
SBSun,3,24959,OldForest
SBSun,4,4729,OldForest
SBSun,5,1717,OldForest
SBSun,6,648,OldForest
SBSun,7,342,OldForest
SBSvk,3,11036,OldForest
SBSvk,4,1345,OldForest
SBSvk,5,84,OldForest
SBSvk,6,12,OldForest
SBSwk1,3,2854,OldForest
SBSwk1,4,1770,OldForest
SBSwk1,5,220,OldForest
SBSwk1,6,14,OldForest
SBSwk2,3,3728,OldForest
SBSwk2,4,471,OldForest
SBSwk2,5,64,OldForest
SBSwk2,6,3,OldForest
SBSwk2,7,2,OldForest
SBSwk3,3,72453,OldForest
SBSwk3,4,50621,OldForest
SBSwk3,5,4502,OldForest
SBSwk3,6,312,OldForest
SBSwk3,7,8,OldForest
SBSwk3a,3,1920,OldForest
SBSwk3a,4,581,OldForest
SBSwk3a,5,40,OldForest
SWBmk,3,55,OldForest
SWBmk,4,10,OldForest
SWBun,3,3,OldForest
